"FAC_ID";"CLI_ID";"PMT_CODE";"FAC_DATE";"FAC_PMT_DATE"
1;1;"CB";"1999-01-31";"1999-02-14"
2;1;"CB";"2000-01-31";"2000-02-15"
3;1;"CHQ";"1999-02-28";"1999-03-12"
4;1;"CHQ";"2000-02-29";"2000-03-14"
5;1;"CB";"1999-03-31";"1999-04-23"
6;1;"CB";"2000-03-31";"2000-04-27"
7;1;"CHQ";"1999-04-30";"1999-05-14"
8;1;"CHQ";"2000-04-30";"2000-05-14"
9;1;"CHQ";"1999-05-31";"1999-06-14"
10;1;"ESP";"2000-05-31";"2000-06-11"
11;1;"CB";"1999-06-30";"1999-07-14"
12;1;"CHQ";"2000-06-30";"2000-07-15"
13;1;"CHQ";"1999-07-31";"1999-08-12"
14;1;"CHQ";"2000-07-31";"2000-08-14"
15;1;"CB";"1999-08-31";"1999-09-23"
16;1;"CB";"2000-08-31";"2000-09-27"
17;1;"CHQ";"1999-09-30";"1999-10-18"
18;1;"CHQ";"2000-09-30";"2000-10-21"
19;1;"CHQ";"1999-10-31";"1999-11-30"
20;1;"ESP";"2000-10-31";"2000-11-11"
21;1;"CB";"1999-11-30";"1999-12-14"
22;1;"CB";"2000-11-30";"2000-12-15"
23;1;"CHQ";"1999-12-31";"2000-01-12"
24;1;"CHQ";"2000-12-31";"2001-01-10"
25;2;"CB";"1999-01-31";"1999-02-23"
26;2;"CB";"2000-01-31";"2000-02-27"
27;2;"CHQ";"1999-02-28";"1999-03-18"
28;2;"CHQ";"2000-02-29";"2000-03-21"
29;2;"CHQ";"1999-03-31";"1999-04-30"
30;2;"ESP";"2000-03-31";"2000-04-11"
31;2;"CB";"2000-04-30";"2000-05-14"
32;2;"CB";"1999-05-31";"1999-06-15"
33;2;"CHQ";"2000-05-31";"2000-06-12"
34;2;"CHQ";"1999-06-30";"1999-07-14"
35;2;"CB";"2000-06-30";"2000-07-23"
36;2;"CB";"1999-07-31";"1999-08-27"
37;2;"CHQ";"2000-07-31";"2000-08-18"
38;2;"CHQ";"1999-08-31";"1999-09-21"
39;2;"CHQ";"2000-08-31";"2000-09-30"
40;2;"ESP";"1999-09-30";"1999-10-11"
41;2;"CB";"2000-09-30";"2000-10-14"
42;2;"CB";"1999-10-31";"1999-11-15"
43;2;"CHQ";"2000-10-31";"2000-11-12"
44;2;"CHQ";"1999-11-30";"1999-12-14"
45;2;"CB";"2000-11-30";"2000-12-23"
46;2;"CB";"1999-12-31";"2000-01-27"
47;2;"CHQ";"2000-12-31";"2001-01-18"
48;3;"CHQ";"1999-01-31";"1999-02-21"
49;3;"CHQ";"2000-01-31";"2000-03-01"
50;3;"CB";"1999-02-28";"1999-03-11"
51;3;"CB";"2000-02-29";"2000-03-14"
52;3;"CB";"1999-03-31";"1999-04-15"
53;3;"CHQ";"2000-03-31";"2000-04-12"
54;3;"CHQ";"1999-04-30";"1999-05-14"
55;3;"CB";"2000-04-30";"2000-05-23"
56;3;"CB";"1999-05-31";"1999-06-27"
57;3;"CHQ";"2000-05-31";"2000-06-18"
58;3;"CHQ";"1999-06-30";"1999-07-21"
59;3;"CHQ";"2000-06-30";"2000-07-30"
60;3;"CB";"1999-07-31";"1999-08-11"
61;3;"CB";"2000-07-31";"2000-08-14"
62;3;"CB";"1999-08-31";"1999-09-15"
63;3;"CHQ";"2000-08-31";"2000-09-12"
64;3;"CHQ";"1999-09-30";"1999-10-14"
65;3;"CB";"2000-09-30";"2000-10-23"
66;3;"CB";"1999-10-31";"1999-11-27"
67;3;"CHQ";"2000-10-31";"2000-11-18"
68;3;"CHQ";"1999-11-30";"1999-12-21"
69;3;"CHQ";"2000-11-30";"2000-12-30"
70;3;"CHQ";"1999-12-31";"2000-01-11"
71;3;"CHQ";"2000-12-31";"2001-01-14"
72;4;"CHQ";"2000-01-31";"2000-02-15"
73;4;"CHQ";"1999-02-28";"1999-03-12"
74;4;"CHQ";"2000-02-29";"2000-03-14"
75;4;"CB";"1999-03-31";"1999-04-23"
76;4;"CHQ";"2000-03-31";"2000-04-27"
77;4;"CHQ";"1999-04-30";"1999-05-18"
78;4;"CHQ";"2000-04-30";"2000-05-21"
79;4;"CHQ";"1999-05-31";"1999-06-30"
80;4;"ESP";"2000-05-31";"2000-06-11"
81;4;"CHQ";"1999-06-30";"1999-07-14"
82;4;"CHQ";"2000-06-30";"2000-07-15"
83;4;"CHQ";"1999-07-31";"1999-08-12"
84;4;"CHQ";"2000-07-31";"2000-08-14"
85;4;"CB";"1999-08-31";"1999-09-23"
86;4;"CHQ";"2000-08-31";"2000-09-27"
87;4;"CHQ";"1999-09-30";"1999-10-18"
88;4;"CHQ";"2000-09-30";"2000-10-21"
89;4;"CHQ";"1999-10-31";"1999-11-30"
90;4;"ESP";"2000-10-31";"2000-11-11"
91;4;"CHQ";"1999-11-30";"1999-12-14"
92;4;"CHQ";"2000-11-30";"2000-12-15"
93;4;"CHQ";"1999-12-31";"2000-01-12"
94;4;"CHQ";"2000-12-31";"2001-01-14"
95;5;"CB";"1999-01-31";"1999-02-23"
96;5;"CHQ";"2000-01-31";"2000-02-27"
97;5;"CHQ";"1999-02-28";"1999-03-18"
98;5;"CHQ";"2000-02-29";"2000-03-21"
99;5;"CHQ";"1999-03-31";"1999-04-30"
100;5;"ESP";"2000-03-31";"2000-04-11"
101;5;"ESP";"1999-04-30";"1999-05-11"
102;5;"CHQ";"2000-04-30";"2000-05-11"
103;5;"CHQ";"1999-05-31";"1999-06-11"
104;5;"CHQ";"2000-05-31";"2000-06-11"
105;5;"CB";"1999-06-30";"1999-07-11"
106;5;"CB";"2000-06-30";"2000-07-11"
107;5;"CHQ";"1999-07-31";"1999-08-11"
108;5;"ESP";"2000-07-31";"2000-08-11"
109;5;"ESP";"1999-08-31";"1999-09-11"
110;5;"ESP";"2000-08-31";"2000-09-11"
111;5;"CB";"1999-09-30";"1999-10-14"
112;5;"CHQ";"2000-09-30";"2000-10-15"
113;5;"CHQ";"1999-10-31";"1999-11-12"
114;5;"CHQ";"2000-10-31";"2000-11-14"
115;5;"CB";"1999-11-30";"1999-12-23"
116;5;"CB";"2000-11-30";"2000-12-27"
117;5;"CHQ";"1999-12-31";"2000-01-18"
118;5;"CHQ";"2000-12-31";"2001-01-21"
119;6;"CHQ";"1999-01-31";"1999-03-02"
120;6;"ESP";"2000-01-31";"2000-02-11"
121;6;"CB";"1999-02-28";"1999-03-14"
122;6;"CHQ";"2000-02-29";"2000-03-15"
123;6;"CHQ";"1999-03-31";"1999-04-12"
124;6;"CHQ";"2000-03-31";"2000-04-10"
125;6;"CB";"1999-04-30";"1999-05-23"
126;6;"CB";"2000-04-30";"2000-05-27"
127;6;"CHQ";"1999-05-31";"1999-06-18"
128;6;"CHQ";"2000-05-31";"2000-06-21"
129;6;"CHQ";"1999-06-30";"1999-07-30"
130;6;"ESP";"2000-06-30";"2000-07-11"
131;6;"CB";"1999-07-31";"1999-08-14"
132;6;"CHQ";"2000-07-31";"2000-08-15"
133;6;"CHQ";"1999-08-31";"1999-09-12"
134;6;"CHQ";"2000-08-31";"2000-09-14"
135;6;"CB";"1999-09-30";"1999-10-23"
136;6;"CB";"2000-09-30";"2000-10-27"
137;6;"CHQ";"1999-10-31";"1999-11-18"
138;6;"CHQ";"2000-10-31";"2000-11-21"
139;6;"CHQ";"1999-11-30";"1999-12-30"
140;6;"ESP";"2000-11-30";"2000-12-11"
141;6;"CB";"1999-12-31";"2000-01-14"
142;6;"CHQ";"2000-12-31";"2001-01-15"
143;7;"CHQ";"1999-01-31";"1999-02-12"
144;7;"CHQ";"2000-01-31";"2000-02-14"
145;7;"CB";"1999-02-28";"1999-03-23"
146;7;"CB";"2000-02-29";"2000-03-27"
147;7;"CHQ";"1999-03-31";"1999-04-18"
148;7;"CHQ";"2000-03-31";"2000-04-21"
149;7;"CB";"1999-04-30";"1999-05-30"
150;7;"CB";"2000-04-30";"2000-05-11"
151;7;"CB";"1999-05-31";"1999-06-14"
152;7;"CHQ";"2000-05-31";"2000-06-15"
153;7;"CHQ";"1999-06-30";"1999-07-12"
154;7;"CHQ";"2000-06-30";"2000-07-14"
155;7;"CB";"1999-07-31";"1999-08-23"
156;7;"CB";"2000-07-31";"2000-08-27"
157;7;"CB";"1999-08-31";"1999-09-18"
158;7;"CHQ";"2000-08-31";"2000-09-21"
159;7;"CHQ";"1999-09-30";"1999-10-30"
160;7;"CB";"2000-09-30";"2000-10-11"
161;7;"CB";"1999-10-31";"1999-11-14"
162;7;"CHQ";"2000-10-31";"2000-11-15"
163;7;"CHQ";"1999-11-30";"1999-12-12"
164;7;"CHQ";"2000-11-30";"2000-12-14"
165;7;"CB";"1999-12-31";"2000-01-23"
166;7;"CB";"2000-12-31";"2001-01-27"
167;8;"CHQ";"1999-01-31";"1999-02-18"
168;8;"CHQ";"2000-01-31";"2000-02-21"
169;8;"CHQ";"1999-02-28";"1999-03-30"
170;8;"CHQ";"2000-02-29";"2000-03-11"
171;8;"CHQ";"1999-03-31";"1999-04-18"
172;8;"CHQ";"2000-03-31";"2000-04-18"
173;8;"CHQ";"1999-04-30";"1999-05-18"
174;8;"CHQ";"2000-04-30";"2000-05-18"
175;8;"CB";"1999-05-31";"1999-06-23"
176;8;"CHQ";"2000-05-31";"2000-06-27"
177;8;"CHQ";"1999-06-30";"1999-07-18"
178;8;"CHQ";"2000-06-30";"2000-07-21"
179;8;"CHQ";"1999-07-31";"1999-08-30"
180;8;"ESP";"2000-07-31";"2000-08-11"
181;8;"CHQ";"1999-08-31";"1999-09-21"
182;8;"CHQ";"2000-08-31";"2000-09-21"
183;8;"CHQ";"1999-09-30";"1999-10-21"
184;8;"CHQ";"2000-09-30";"2000-10-21"
185;8;"CB";"1999-10-31";"1999-11-23"
186;8;"CHQ";"2000-10-31";"2000-11-27"
187;8;"CHQ";"1999-11-30";"1999-12-21"
188;8;"CHQ";"2000-11-30";"2000-12-21"
189;8;"CHQ";"1999-12-31";"2000-01-30"
190;8;"ESP";"2000-12-31";"2001-01-11"
191;9;"CHQ";"1999-01-31";"1999-03-02"
192;9;"CHQ";"2000-01-31";"2000-03-01"
193;9;"CHQ";"1999-02-28";"1999-03-30"
194;9;"CHQ";"2000-02-29";"2000-03-30"
195;9;"CB";"1999-03-31";"1999-04-23"
196;9;"CHQ";"2000-03-31";"2000-04-27"
197;9;"CHQ";"1999-04-30";"1999-05-30"
198;9;"CHQ";"2000-04-30";"2000-05-30"
199;9;"CHQ";"1999-05-31";"1999-06-30"
200;9;"ESP";"2000-05-31";"2000-06-11"
201;9;"ESP";"1999-06-30";"1999-07-11"
202;9;"ESP";"2000-06-30";"2000-07-11"
203;9;"CHQ";"1999-07-31";"1999-08-11"
204;9;"CHQ";"2000-07-31";"2000-08-11"
205;9;"CB";"1999-08-31";"1999-09-11"
206;9;"CB";"2000-08-31";"2000-09-11"
207;9;"CHQ";"1999-09-30";"1999-10-11"
208;9;"ESP";"2000-09-30";"2000-10-11"
209;9;"ESP";"1999-10-31";"1999-11-11"
210;9;"ESP";"2000-10-31";"2000-11-11"
211;9;"CB";"1999-11-30";"1999-12-14"
212;9;"CHQ";"2000-11-30";"2000-12-15"
213;9;"CHQ";"1999-12-31";"2000-01-12"
214;9;"CHQ";"2000-12-31";"2001-01-14"
215;10;"CB";"1999-01-31";"1999-02-23"
216;10;"CB";"2000-01-31";"2000-02-27"
217;10;"CHQ";"1999-02-28";"1999-03-18"
218;10;"CHQ";"2000-02-29";"2000-03-21"
219;10;"CHQ";"1999-03-31";"1999-04-30"
220;10;"ESP";"2000-03-31";"2000-04-11"
221;10;"CB";"1999-04-30";"1999-05-14"
222;10;"CB";"2000-04-30";"2000-05-15"
223;10;"CHQ";"1999-05-31";"1999-06-12"
224;10;"CHQ";"2000-05-31";"2000-06-10"
225;10;"CB";"1999-06-30";"1999-07-23"
226;10;"CB";"2000-06-30";"2000-07-27"
227;10;"CHQ";"1999-07-31";"1999-08-18"
228;10;"CHQ";"2000-07-31";"2000-08-21"
229;10;"CHQ";"1999-08-31";"1999-09-30"
230;10;"ESP";"2000-08-31";"2000-09-11"
231;10;"CB";"1999-09-30";"1999-10-14"
232;10;"CHQ";"2000-09-30";"2000-10-15"
233;10;"CHQ";"1999-10-31";"1999-11-12"
234;10;"CHQ";"2000-10-31";"2000-11-14"
235;10;"CB";"1999-11-30";"1999-12-23"
236;10;"CB";"2000-11-30";"2000-12-27"
237;10;"CHQ";"1999-12-31";"2000-01-18"
238;10;"CHQ";"2000-12-31";"2001-01-21"
239;11;"CHQ";"1999-01-31";"1999-03-02"
240;11;"ESP";"2000-01-31";"2000-02-11"
241;11;"CB";"1999-02-28";"1999-03-14"
242;11;"CB";"2000-02-29";"2000-03-15"
243;11;"CHQ";"1999-03-31";"1999-04-12"
244;11;"CHQ";"2000-03-31";"2000-04-14"
245;11;"CB";"1999-04-30";"1999-05-23"
246;11;"CB";"2000-04-30";"2000-05-27"
247;11;"CHQ";"1999-05-31";"1999-06-18"
248;11;"CHQ";"2000-05-31";"2000-06-21"
249;11;"CB";"1999-06-30";"1999-07-30"
250;11;"CB";"2000-06-30";"2000-07-11"
251;11;"CB";"1999-07-31";"1999-08-14"
252;11;"CB";"2000-07-31";"2000-08-15"
253;11;"CHQ";"1999-08-31";"1999-09-12"
254;11;"CHQ";"2000-08-31";"2000-09-14"
255;11;"CB";"1999-09-30";"1999-10-23"
256;11;"CB";"2000-09-30";"2000-10-27"
257;11;"CB";"1999-10-31";"1999-11-18"
258;11;"CHQ";"2000-10-31";"2000-11-21"
259;11;"CHQ";"1999-11-30";"1999-12-30"
260;11;"CB";"2000-11-30";"2000-12-11"
261;11;"CB";"1999-12-31";"2000-01-14"
262;11;"CB";"2000-12-31";"2001-01-15"
263;12;"CHQ";"1999-01-31";"1999-02-12"
264;12;"CHQ";"2000-01-31";"2000-02-14"
265;12;"CB";"1999-02-28";"1999-03-23"
266;12;"CB";"2000-02-29";"2000-03-27"
267;12;"CHQ";"1999-03-31";"1999-04-18"
268;12;"CHQ";"2000-03-31";"2000-04-21"
269;12;"CHQ";"1999-04-30";"1999-05-30"
270;12;"CHQ";"2000-04-30";"2000-05-11"
271;12;"CHQ";"1999-05-31";"1999-06-18"
272;12;"CHQ";"2000-05-31";"2000-06-18"
273;12;"CHQ";"1999-06-30";"1999-07-18"
274;12;"CHQ";"2000-06-30";"2000-07-18"
275;12;"CB";"1999-07-31";"1999-08-23"
276;12;"CHQ";"2000-07-31";"2000-08-27"
277;12;"CHQ";"1999-08-31";"1999-09-18"
278;12;"CHQ";"2000-08-31";"2000-09-21"
279;12;"CHQ";"1999-09-30";"1999-10-30"
280;12;"ESP";"2000-09-30";"2000-10-11"
281;12;"CHQ";"1999-10-31";"1999-11-21"
282;12;"CHQ";"2000-10-31";"2000-11-21"
283;12;"CHQ";"1999-11-30";"1999-12-21"
284;12;"CHQ";"2000-11-30";"2000-12-21"
285;12;"CB";"1999-12-31";"2000-01-23"
286;12;"CHQ";"2000-12-31";"2001-01-27"
287;13;"CHQ";"1999-01-31";"1999-02-21"
288;13;"CHQ";"2000-01-31";"2000-02-21"
289;13;"CHQ";"1999-02-28";"1999-03-30"
290;13;"ESP";"2000-02-29";"2000-03-11"
291;13;"CHQ";"1999-03-31";"1999-04-30"
292;13;"CHQ";"2000-03-31";"2000-04-30"
293;13;"CHQ";"1999-04-30";"1999-05-30"
294;13;"CHQ";"2000-04-30";"2000-05-30"
295;13;"CB";"1999-05-31";"1999-06-23"
296;13;"CHQ";"2000-05-31";"2000-06-27"
297;13;"CHQ";"1999-06-30";"1999-07-30"
298;13;"CHQ";"2000-06-30";"2000-07-30"
299;13;"CHQ";"1999-07-31";"1999-08-30"
300;13;"ESP";"2000-07-31";"2000-08-11"
301;13;"ESP";"1999-08-31";"1999-09-11"
302;13;"ESP";"2000-08-31";"2000-09-11"
303;13;"CHQ";"1999-09-30";"1999-10-11"
304;13;"CHQ";"2000-09-30";"2000-10-11"
305;13;"CB";"1999-10-31";"1999-11-11"
306;13;"CB";"2000-10-31";"2000-11-11"
307;13;"CHQ";"1999-11-30";"1999-12-11"
308;13;"ESP";"2000-11-30";"2000-12-11"
309;13;"ESP";"1999-12-31";"2000-01-11"
310;13;"ESP";"2000-12-31";"2001-01-11"
311;14;"CB";"1999-01-31";"1999-02-14"
312;14;"CHQ";"2000-01-31";"2000-02-15"
313;14;"CHQ";"1999-02-28";"1999-03-12"
314;14;"CHQ";"2000-02-29";"2000-03-14"
315;14;"CB";"1999-03-31";"1999-04-23"
316;14;"CB";"2000-03-31";"2000-04-27"
317;14;"CHQ";"1999-04-30";"1999-05-18"
318;14;"CHQ";"2000-04-30";"2000-05-21"
319;14;"CHQ";"1999-05-31";"1999-06-30"
320;14;"ESP";"2000-05-31";"2000-06-11"
321;14;"CB";"1999-06-30";"1999-07-14"
322;14;"CB";"2000-06-30";"2000-07-15"
323;14;"CHQ";"1999-07-31";"1999-08-12"
324;14;"CHQ";"2000-07-31";"2000-08-10"
325;14;"CB";"1999-08-31";"1999-09-23"
326;14;"CB";"2000-08-31";"2000-09-27"
327;14;"CHQ";"1999-09-30";"1999-10-18"
328;14;"CHQ";"2000-09-30";"2000-10-21"
329;14;"CHQ";"1999-10-31";"1999-11-30"
330;14;"ESP";"2000-10-31";"2000-11-11"
331;14;"CB";"1999-11-30";"1999-12-14"
332;14;"CHQ";"2000-11-30";"2000-12-15"
333;14;"CHQ";"1999-12-31";"2000-01-12"
334;14;"CHQ";"2000-12-31";"2001-01-14"
335;15;"CB";"2000-01-31";"2000-02-23"
336;15;"CB";"1999-02-28";"1999-03-27"
337;15;"CHQ";"2000-02-29";"2000-03-18"
338;15;"CHQ";"1999-03-31";"1999-04-21"
339;15;"CHQ";"2000-03-31";"2000-04-30"
340;15;"ESP";"1999-04-30";"1999-05-11"
341;15;"CB";"2000-04-30";"2000-05-14"
342;15;"CB";"1999-05-31";"1999-06-15"
343;15;"CHQ";"2000-05-31";"2000-06-12"
344;15;"CHQ";"1999-06-30";"1999-07-14"
345;15;"CB";"2000-06-30";"2000-07-23"
346;15;"CB";"1999-07-31";"1999-08-27"
347;15;"CHQ";"2000-07-31";"2000-08-18"
348;15;"CHQ";"1999-08-31";"1999-09-21"
349;15;"CB";"2000-08-31";"2000-09-30"
350;15;"CB";"1999-09-30";"1999-10-11"
351;15;"CB";"2000-09-30";"2000-10-14"
352;15;"CB";"1999-10-31";"1999-11-15"
353;15;"CHQ";"2000-10-31";"2000-11-12"
354;15;"CHQ";"1999-11-30";"1999-12-14"
355;15;"CB";"2000-11-30";"2000-12-23"
356;15;"CB";"1999-12-31";"2000-01-27"
357;16;"CB";"1999-01-31";"1999-02-18"
358;16;"CHQ";"2000-01-31";"2000-02-21"
359;16;"CHQ";"2001-01-31";"2001-03-02"
360;16;"CB";"1999-02-28";"1999-03-11"
361;16;"CB";"2000-02-29";"2000-03-14"
362;16;"CB";"1999-03-31";"1999-04-15"
363;16;"CHQ";"2000-03-31";"2000-04-12"
364;16;"CHQ";"1999-04-30";"1999-05-14"
365;16;"CB";"2000-04-30";"2000-05-23"
366;16;"CB";"1999-05-31";"1999-06-27"
367;16;"CHQ";"2000-05-31";"2000-06-18"
368;16;"CHQ";"1999-06-30";"1999-07-21"
369;16;"CHQ";"2000-06-30";"2000-07-30"
370;16;"CHQ";"1999-07-31";"1999-08-11"
371;16;"CHQ";"2000-07-31";"2000-08-18"
372;16;"CHQ";"1999-08-31";"1999-09-18"
373;16;"CHQ";"2000-08-31";"2000-09-18"
374;16;"CHQ";"1999-09-30";"1999-10-18"
375;16;"CB";"1999-10-31";"1999-11-23"
376;16;"CHQ";"2000-10-31";"2000-11-27"
377;16;"CHQ";"1999-11-30";"1999-12-18"
378;16;"CHQ";"2000-11-30";"2000-12-21"
379;16;"CHQ";"1999-12-31";"2000-01-30"
380;16;"ESP";"2000-12-31";"2001-01-11"
381;17;"CHQ";"1999-01-31";"1999-02-21"
382;17;"CHQ";"2000-01-31";"2000-02-21"
383;17;"CHQ";"1999-02-28";"1999-03-21"
384;17;"CHQ";"2000-02-29";"2000-03-21"
385;17;"CB";"1999-03-31";"1999-04-23"
386;17;"CHQ";"2000-03-31";"2000-04-27"
387;17;"CHQ";"1999-04-30";"1999-05-21"
388;17;"CHQ";"2000-04-30";"2000-05-21"
389;17;"CHQ";"1999-05-31";"1999-06-30"
390;17;"ESP";"2000-05-31";"2000-06-11"
391;17;"CHQ";"1999-06-30";"1999-07-30"
392;17;"CHQ";"2000-06-30";"2000-07-30"
393;17;"CHQ";"1999-07-31";"1999-08-30"
394;17;"CHQ";"2000-07-31";"2000-08-30"
395;17;"CB";"1999-08-31";"1999-09-23"
396;17;"CHQ";"2000-08-31";"2000-09-27"
397;17;"CHQ";"1999-09-30";"1999-10-30"
398;17;"CHQ";"2000-09-30";"2000-10-30"
399;17;"CHQ";"1999-10-31";"1999-11-30"
400;17;"ESP";"2000-10-31";"2000-11-11"
401;17;"ESP";"1999-11-30";"1999-12-11"
402;17;"ESP";"2000-11-30";"2000-12-11"
403;17;"CHQ";"1999-12-31";"2000-01-11"
404;17;"CHQ";"2000-12-31";"2001-01-11"
405;18;"CB";"1999-01-31";"1999-02-11"
406;18;"CB";"2000-01-31";"2000-02-11"
407;18;"CHQ";"1999-02-28";"1999-03-11"
408;18;"ESP";"2000-02-29";"2000-03-11"
409;18;"ESP";"1999-03-31";"1999-04-11"
410;18;"ESP";"2000-03-31";"2000-04-11"
411;18;"CB";"1999-04-30";"1999-05-14"
412;18;"CHQ";"2000-04-30";"2000-05-15"
413;18;"CHQ";"1999-05-31";"1999-06-12"
414;18;"CHQ";"2000-05-31";"2000-06-14"
415;18;"CB";"1999-06-30";"1999-07-23"
416;18;"CB";"2000-06-30";"2000-07-27"
417;18;"CHQ";"1999-07-31";"1999-08-18"
418;18;"CHQ";"2000-07-31";"2000-08-21"
419;18;"CHQ";"1999-08-31";"1999-09-30"
420;18;"ESP";"2000-08-31";"2000-09-11"
421;18;"CB";"1999-09-30";"1999-10-14"
422;18;"CB";"2000-09-30";"2000-10-15"
423;18;"CHQ";"1999-10-31";"1999-11-12"
424;18;"CHQ";"2000-10-31";"2000-11-10"
425;18;"CB";"1999-11-30";"1999-12-23"
426;18;"CB";"2000-11-30";"2000-12-27"
427;18;"CHQ";"1999-12-31";"2000-01-18"
428;18;"CHQ";"2000-12-31";"2001-01-21"
429;19;"CHQ";"1999-01-31";"1999-03-02"
430;19;"ESP";"2000-01-31";"2000-02-11"
431;19;"CB";"1999-02-28";"1999-03-14"
432;19;"CHQ";"2000-02-29";"2000-03-15"
433;19;"CHQ";"1999-03-31";"1999-04-12"
434;19;"CHQ";"2000-03-31";"2000-04-14"
435;19;"CB";"1999-04-30";"1999-05-23"
436;19;"CB";"2000-04-30";"2000-05-27"
437;19;"CHQ";"1999-05-31";"1999-06-18"
438;19;"CHQ";"2000-05-31";"2000-06-21"
439;19;"CHQ";"1999-06-30";"1999-07-30"
440;19;"ESP";"2000-06-30";"2000-07-11"
441;19;"CB";"1999-07-31";"1999-08-14"
442;19;"CB";"2000-07-31";"2000-08-15"
443;19;"CHQ";"1999-08-31";"1999-09-12"
444;19;"CHQ";"2000-08-31";"2000-09-14"
445;19;"CB";"1999-09-30";"1999-10-23"
446;19;"CB";"2000-09-30";"2000-10-27"
447;19;"CHQ";"1999-10-31";"1999-11-18"
448;19;"CHQ";"2000-10-31";"2000-11-21"
449;19;"CB";"1999-11-30";"1999-12-30"
450;19;"CB";"2000-11-30";"2000-12-11"
451;19;"CB";"1999-12-31";"2000-01-14"
452;19;"CB";"2000-12-31";"2001-01-15"
453;20;"CHQ";"1999-01-31";"1999-02-12"
454;20;"CHQ";"2000-01-31";"2000-02-14"
455;20;"CB";"1999-02-28";"1999-03-23"
456;20;"CB";"2000-02-29";"2000-03-27"
457;20;"CB";"1999-03-31";"1999-04-18"
458;20;"CHQ";"2000-03-31";"2000-04-21"
459;20;"CHQ";"1999-04-30";"1999-05-30"
460;20;"CB";"2000-04-30";"2000-05-11"
461;20;"CB";"1999-05-31";"1999-06-14"
462;20;"CB";"2000-05-31";"2000-06-15"
463;20;"CHQ";"1999-06-30";"1999-07-12"
464;20;"CHQ";"2000-06-30";"2000-07-14"
465;20;"CB";"1999-07-31";"1999-08-23"
466;20;"CB";"2000-07-31";"2000-08-27"
467;20;"CHQ";"2000-08-31";"2000-09-18"
468;20;"CHQ";"1999-09-30";"1999-10-21"
469;20;"CHQ";"2000-09-30";"2000-10-30"
470;20;"CHQ";"1999-10-31";"1999-11-11"
471;20;"CHQ";"2000-10-31";"2000-11-18"
472;20;"CHQ";"1999-11-30";"1999-12-18"
473;20;"CHQ";"2000-11-30";"2000-12-18"
474;20;"CHQ";"1999-12-31";"2000-01-18"
475;20;"CB";"2000-12-31";"2001-01-23"
476;21;"CHQ";"1999-01-31";"1999-02-27"
477;21;"CHQ";"2000-01-31";"2000-02-18"
478;21;"CHQ";"1999-02-28";"1999-03-21"
479;21;"CHQ";"2000-02-29";"2000-03-30"
480;21;"ESP";"1999-03-31";"1999-04-11"
481;21;"CHQ";"2000-03-31";"2000-04-21"
482;21;"CHQ";"1999-04-30";"1999-05-21"
483;21;"CHQ";"2000-04-30";"2000-05-21"
484;21;"CHQ";"1999-05-31";"1999-06-21"
485;21;"CB";"2000-05-31";"2000-06-23"
486;21;"CHQ";"2000-06-30";"2000-07-27"
487;21;"CHQ";"1999-07-31";"1999-08-21"
488;21;"CHQ";"2000-07-31";"2000-08-21"
489;21;"CHQ";"1999-08-31";"1999-09-30"
490;21;"ESP";"2000-08-31";"2000-09-11"
491;21;"CHQ";"1999-09-30";"1999-10-30"
492;21;"CHQ";"2000-09-30";"2000-10-30"
493;21;"CHQ";"1999-10-31";"1999-11-30"
494;21;"CHQ";"2000-10-31";"2000-11-30"
495;21;"CB";"1999-11-30";"1999-12-23"
496;21;"CHQ";"2000-11-30";"2000-12-27"
497;21;"CHQ";"1999-12-31";"2000-01-30"
498;21;"CHQ";"2000-12-31";"2001-01-30"
499;22;"CHQ";"1999-01-31";"1999-03-02"
500;22;"CB";"2000-01-31";"2000-02-11"
501;22;"CB";"1999-02-28";"1999-03-11"
502;22;"CB";"2000-02-29";"2000-03-11"
503;22;"CHQ";"1999-03-31";"1999-04-11"
504;22;"CHQ";"2000-03-31";"2000-04-11"
505;22;"CB";"1999-04-30";"1999-05-11"
506;22;"CB";"2000-04-30";"2000-05-11"
507;22;"";"1999-05-31";"0000-00-00"
508;22;"CB";"2000-05-31";"2000-06-11"
509;22;"CB";"1999-06-30";"1999-07-11"
510;22;"CB";"2000-06-30";"2000-07-11"
511;22;"CB";"1999-07-31";"1999-08-14"
512;22;"CHQ";"2000-07-31";"2000-08-15"
513;22;"CHQ";"1999-08-31";"1999-09-12"
514;22;"CHQ";"2000-08-31";"2000-09-14"
515;22;"CB";"1999-09-30";"1999-10-23"
516;22;"CB";"2000-09-30";"2000-10-27"
517;22;"CHQ";"1999-10-31";"1999-11-18"
518;22;"CHQ";"2000-10-31";"2000-11-21"
519;22;"CHQ";"1999-11-30";"1999-12-30"
520;22;"CB";"2000-11-30";"2000-12-11"
521;22;"CB";"1999-12-31";"2000-01-14"
522;22;"CB";"2000-12-31";"2001-01-15"
523;23;"CHQ";"1999-01-31";"1999-02-12"
524;23;"CHQ";"2000-01-31";"2000-02-10"
525;23;"CB";"1999-02-28";"1999-03-23"
526;23;"CB";"2000-02-29";"2000-03-27"
527;23;"CHQ";"1999-03-31";"1999-04-18"
528;23;"CHQ";"2000-03-31";"2000-04-21"
529;23;"CHQ";"1999-04-30";"1999-05-30"
530;23;"CB";"2000-04-30";"2000-05-11"
531;23;"CB";"1999-05-31";"1999-06-14"
532;23;"CHQ";"2000-05-31";"2000-06-15"
533;23;"CHQ";"1999-06-30";"1999-07-12"
534;23;"CHQ";"2000-06-30";"2000-07-14"
535;23;"CB";"1999-07-31";"1999-08-23"
536;23;"CB";"2000-07-31";"2000-08-27"
537;23;"CHQ";"1999-08-31";"1999-09-18"
538;23;"CHQ";"2000-08-31";"2000-09-21"
539;23;"CHQ";"1999-09-30";"1999-10-30"
540;23;"CB";"2000-09-30";"2000-10-11"
541;23;"CB";"1999-10-31";"1999-11-14"
542;23;"CB";"2000-10-31";"2000-11-15"
543;23;"CHQ";"1999-11-30";"1999-12-12"
544;23;"CHQ";"2000-11-30";"2000-12-14"
545;23;"CB";"1999-12-31";"2000-01-23"
546;23;"CB";"2000-12-31";"2001-01-27"
547;24;"CHQ";"1999-01-31";"1999-02-18"
548;24;"CHQ";"2000-01-31";"2000-02-21"
549;24;"CB";"1999-02-28";"1999-03-30"
550;24;"CB";"2000-02-29";"2000-03-11"
551;24;"CB";"1999-03-31";"1999-04-14"
552;24;"CB";"2000-03-31";"2000-04-15"
553;24;"CHQ";"1999-04-30";"1999-05-12"
554;24;"CHQ";"2000-04-30";"2000-05-14"
555;24;"CB";"1999-05-31";"1999-06-23"
556;24;"CB";"2000-05-31";"2000-06-27"
557;24;"CB";"1999-06-30";"1999-07-18"
558;24;"CHQ";"2000-06-30";"2000-07-21"
559;24;"CHQ";"1999-07-31";"1999-08-30"
560;24;"CB";"2000-07-31";"2000-08-11"
561;24;"CB";"1999-08-31";"1999-09-14"
562;24;"CB";"2000-08-31";"2000-09-15"
563;24;"CHQ";"1999-09-30";"1999-10-12"
564;24;"CHQ";"2000-09-30";"2000-10-14"
565;24;"CB";"1999-10-31";"1999-11-23"
566;24;"CB";"2000-10-31";"2000-11-27"
567;24;"CHQ";"2000-11-30";"2000-12-18"
568;24;"CHQ";"1999-12-31";"2000-01-21"
569;24;"CHQ";"2000-12-31";"2001-01-30"
570;25;"CB";"1999-01-31";"1999-02-11"
571;25;"CHQ";"2000-01-31";"2000-02-18"
572;25;"CHQ";"1999-02-28";"1999-03-18"
573;25;"CHQ";"2000-02-29";"2000-03-18"
574;25;"CHQ";"1999-03-31";"1999-04-18"
575;25;"CB";"2000-03-31";"2000-04-23"
576;25;"CHQ";"1999-04-30";"1999-05-27"
577;25;"CHQ";"2000-04-30";"2000-05-18"
578;25;"CHQ";"1999-05-31";"1999-06-21"
579;25;"CHQ";"2000-05-31";"2000-06-30"
580;25;"CB";"1999-06-30";"1999-07-11"
581;25;"CHQ";"2000-06-30";"2000-07-21"
582;25;"CHQ";"1999-07-31";"1999-08-21"
583;25;"CHQ";"2000-07-31";"2000-08-21"
584;25;"CHQ";"1999-08-31";"1999-09-21"
585;25;"CB";"2000-08-31";"2000-09-23"
586;25;"CHQ";"1999-09-30";"1999-10-27"
587;25;"CHQ";"2000-09-30";"2000-10-21"
588;25;"CHQ";"1999-10-31";"1999-11-21"
589;25;"CHQ";"2000-10-31";"2000-11-30"
590;25;"CB";"1999-11-30";"1999-12-11"
591;25;"CHQ";"2000-11-30";"2000-12-30"
592;25;"CHQ";"1999-12-31";"2000-01-30"
593;25;"CHQ";"2000-12-31";"2001-01-30"
594;26;"CHQ";"1999-01-31";"1999-03-02"
595;26;"CB";"2000-01-31";"2000-02-23"
596;26;"CHQ";"1999-02-28";"1999-03-27"
597;26;"CHQ";"2000-02-29";"2000-03-30"
598;26;"CHQ";"1999-03-31";"1999-04-30"
599;26;"CHQ";"2000-03-31";"2000-04-30"
600;26;"CB";"1999-04-30";"1999-05-11"
601;26;"CB";"2000-04-30";"2000-05-11"
602;26;"CB";"1999-05-31";"1999-06-11"
603;26;"CHQ";"2000-05-31";"2000-06-11"
604;26;"CHQ";"1999-06-30";"1999-07-11"
605;26;"CB";"2000-06-30";"2000-07-11"
606;26;"";"1999-07-31";"0000-00-00"
607;26;"CB";"2000-07-31";"2000-08-11"
608;26;"CB";"1999-08-31";"1999-09-11"
609;26;"CB";"2000-08-31";"2000-09-11"
610;26;"CB";"1999-09-30";"1999-10-11"
611;26;"CB";"2000-09-30";"2000-10-14"
612;26;"CHQ";"1999-10-31";"1999-11-15"
613;26;"CHQ";"2000-10-31";"2000-11-12"
614;26;"CHQ";"1999-11-30";"1999-12-14"
615;26;"CB";"2000-11-30";"2000-12-23"
616;26;"CB";"1999-12-31";"2000-01-27"
617;26;"CHQ";"2000-12-31";"2001-01-18"
618;27;"CHQ";"1999-01-31";"1999-02-21"
619;27;"CHQ";"2000-01-31";"2000-03-01"
620;27;"CB";"1999-02-28";"1999-03-11"
621;27;"CB";"2000-02-29";"2000-03-14"
622;27;"CB";"1999-03-31";"1999-04-15"
623;27;"CHQ";"2000-03-31";"2000-04-12"
624;27;"CHQ";"1999-04-30";"1999-05-10"
625;27;"CB";"2000-04-30";"2000-05-23"
626;27;"CB";"1999-05-31";"1999-06-27"
627;27;"CHQ";"2000-05-31";"2000-06-18"
628;27;"CHQ";"1999-06-30";"1999-07-21"
629;27;"CHQ";"2000-06-30";"2000-07-30"
630;27;"CB";"1999-07-31";"1999-08-11"
631;27;"CB";"2000-07-31";"2000-08-14"
632;27;"CHQ";"1999-08-31";"1999-09-15"
633;27;"CHQ";"2000-08-31";"2000-09-12"
634;27;"CHQ";"1999-09-30";"1999-10-14"
635;27;"CB";"2000-09-30";"2000-10-23"
636;27;"CB";"1999-10-31";"1999-11-27"
637;27;"CHQ";"2000-10-31";"2000-11-18"
638;27;"CHQ";"1999-11-30";"1999-12-21"
639;27;"CHQ";"2000-11-30";"2000-12-30"
640;27;"CB";"1999-12-31";"2000-01-11"
641;27;"CB";"2000-12-31";"2001-01-14"
642;28;"CB";"1999-01-31";"1999-02-15"
643;28;"CHQ";"2000-01-31";"2000-02-12"
644;28;"CHQ";"1999-02-28";"1999-03-14"
645;28;"CB";"2000-02-29";"2000-03-23"
646;28;"CB";"1999-03-31";"1999-04-27"
647;28;"CHQ";"2000-03-31";"2000-04-18"
648;28;"CHQ";"1999-04-30";"1999-05-21"
649;28;"CB";"2000-04-30";"2000-05-30"
650;28;"CB";"1999-05-31";"1999-06-11"
651;28;"CB";"2000-05-31";"2000-06-14"
652;28;"CB";"1999-06-30";"1999-07-15"
653;28;"CHQ";"2000-06-30";"2000-07-12"
654;28;"CHQ";"1999-07-31";"1999-08-14"
655;28;"CB";"2000-07-31";"2000-08-23"
656;28;"CB";"1999-08-31";"1999-09-27"
657;28;"CB";"2000-08-31";"2000-09-18"
658;28;"CHQ";"2000-09-30";"2000-10-21"
659;28;"CHQ";"1999-10-31";"1999-11-30"
660;28;"CB";"2000-10-31";"2000-11-11"
661;28;"CB";"1999-11-30";"1999-12-14"
662;28;"CB";"2000-11-30";"2000-12-15"
663;28;"CHQ";"1999-12-31";"2000-01-12"
664;28;"CHQ";"2000-12-31";"2001-01-14"
665;29;"CB";"1999-01-31";"1999-02-23"
666;29;"CB";"2000-01-31";"2000-02-27"
667;29;"CHQ";"1999-02-28";"1999-03-18"
668;29;"CHQ";"2000-02-29";"2000-03-21"
669;29;"CHQ";"1999-03-31";"1999-04-30"
670;29;"CB";"2000-03-31";"2000-04-11"
671;29;"CHQ";"1999-04-30";"1999-05-18"
672;29;"CHQ";"2000-04-30";"2000-05-18"
673;29;"CHQ";"1999-05-31";"1999-06-18"
674;29;"CHQ";"2000-05-31";"2000-06-18"
675;29;"CB";"1999-06-30";"1999-07-23"
676;29;"CHQ";"2000-06-30";"2000-07-27"
677;29;"CHQ";"1999-07-31";"1999-08-18"
678;29;"CHQ";"2000-07-31";"2000-08-21"
679;29;"CHQ";"1999-08-31";"1999-09-30"
680;29;"CB";"2000-08-31";"2000-09-11"
681;29;"CHQ";"1999-09-30";"1999-10-21"
682;29;"CHQ";"1999-10-31";"1999-11-21"
683;29;"CHQ";"2000-10-31";"2000-11-21"
684;29;"CHQ";"1999-11-30";"1999-12-21"
685;29;"CB";"2000-11-30";"2000-12-23"
686;29;"CHQ";"1999-12-31";"2000-01-27"
687;29;"CHQ";"2000-12-31";"2001-01-21"
688;30;"CHQ";"1999-01-31";"1999-02-21"
689;30;"CHQ";"2000-01-31";"2000-03-01"
690;30;"CB";"1999-02-28";"1999-03-11"
691;30;"CHQ";"2000-02-29";"2000-03-30"
692;30;"CHQ";"1999-03-31";"1999-04-30"
693;30;"CHQ";"2000-03-31";"2000-04-30"
694;30;"CHQ";"1999-04-30";"1999-05-30"
695;30;"CB";"2000-04-30";"2000-05-23"
696;30;"CHQ";"1999-05-31";"1999-06-27"
697;30;"CHQ";"2000-05-31";"2000-06-30"
698;30;"CHQ";"1999-06-30";"1999-07-30"
699;30;"CHQ";"2000-06-30";"2000-07-30"
700;30;"CHQ";"1999-07-31";"1999-08-11"
701;30;"CHQ";"2000-07-31";"2000-08-11"
702;30;"CHQ";"1999-08-31";"1999-09-11"
703;30;"CHQ";"2000-08-31";"2000-09-11"
704;30;"CHQ";"1999-09-30";"1999-10-11"
705;30;"";"2000-09-30";"0000-00-00"
706;30;"";"1999-10-31";"0000-00-00"
707;30;"CHQ";"2000-10-31";"2000-11-11"
708;30;"CHQ";"1999-11-30";"1999-12-11"
709;30;"CHQ";"2000-11-30";"2000-12-11"
710;30;"CHQ";"1999-12-31";"2000-01-11"
711;30;"CHQ";"2000-12-31";"2001-01-14"
712;31;"CHQ";"1999-01-31";"1999-02-15"
713;31;"CHQ";"2000-01-31";"2000-02-12"
714;31;"CHQ";"1999-02-28";"1999-03-14"
715;31;"CB";"2000-02-29";"2000-03-23"
716;31;"CHQ";"1999-03-31";"1999-04-27"
717;31;"CHQ";"2000-03-31";"2000-04-18"
718;31;"CHQ";"1999-04-30";"1999-05-21"
719;31;"CHQ";"2000-04-30";"2000-05-30"
720;31;"CHQ";"1999-05-31";"1999-06-11"
721;31;"CHQ";"2000-05-31";"2000-06-14"
722;31;"CHQ";"1999-06-30";"1999-07-15"
723;31;"CHQ";"2000-06-30";"2000-07-12"
724;31;"CHQ";"1999-07-31";"1999-08-10"
725;31;"CB";"2000-07-31";"2000-08-23"
726;31;"CHQ";"1999-08-31";"1999-09-27"
727;31;"CHQ";"2000-08-31";"2000-09-18"
728;31;"CHQ";"1999-09-30";"1999-10-21"
729;31;"CHQ";"2000-09-30";"2000-10-30"
730;31;"CHQ";"1999-10-31";"1999-11-11"
731;31;"CHQ";"2000-10-31";"2000-11-14"
732;31;"CHQ";"1999-11-30";"1999-12-15"
733;31;"CHQ";"2000-11-30";"2000-12-12"
734;31;"CHQ";"1999-12-31";"2000-01-14"
735;31;"CB";"2000-12-31";"2001-01-23"
736;32;"CHQ";"1999-01-31";"1999-02-27"
737;32;"CHQ";"2000-01-31";"2000-02-18"
738;32;"CHQ";"1999-02-28";"1999-03-21"
739;32;"CHQ";"2000-02-29";"2000-03-30"
740;32;"CHQ";"1999-03-31";"1999-04-11"
741;32;"CHQ";"2000-03-31";"2000-04-14"
742;32;"CHQ";"1999-04-30";"1999-05-15"
743;32;"CHQ";"2000-04-30";"2000-05-12"
744;32;"CHQ";"1999-05-31";"1999-06-14"
745;32;"CB";"2000-05-31";"2000-06-23"
746;32;"CHQ";"1999-06-30";"1999-07-27"
747;32;"CHQ";"2000-06-30";"2000-07-18"
748;32;"CHQ";"1999-07-31";"1999-08-21"
749;32;"CB";"2000-07-31";"2000-08-30"
750;32;"CB";"1999-08-31";"1999-09-11"
751;32;"CHQ";"2000-08-31";"2000-09-14"
752;32;"CHQ";"1999-09-30";"1999-10-15"
753;32;"CHQ";"2000-09-30";"2000-10-12"
754;32;"CHQ";"1999-10-31";"1999-11-14"
755;32;"CB";"2000-10-31";"2000-11-23"
756;32;"CHQ";"1999-11-30";"1999-12-27"
757;32;"CB";"2000-11-30";"2000-12-18"
758;32;"CHQ";"1999-12-31";"2000-01-21"
759;32;"CHQ";"2000-12-31";"2001-01-30"
760;33;"CB";"1999-01-31";"1999-02-11"
761;33;"CHQ";"2000-01-31";"2000-02-14"
762;33;"CHQ";"1999-02-28";"1999-03-15"
763;33;"CHQ";"2000-02-29";"2000-03-12"
764;33;"CHQ";"1999-03-31";"1999-04-14"
765;33;"CB";"2000-03-31";"2000-04-23"
766;33;"CHQ";"1999-04-30";"1999-05-27"
767;33;"CHQ";"2000-04-30";"2000-05-18"
768;33;"CHQ";"1999-05-31";"1999-06-21"
769;33;"CHQ";"2000-05-31";"2000-06-30"
770;33;"CHQ";"1999-06-30";"1999-07-11"
771;33;"CHQ";"2000-06-30";"2000-07-18"
772;33;"CHQ";"1999-07-31";"1999-08-18"
773;33;"CHQ";"2000-07-31";"2000-08-18"
774;33;"CHQ";"1999-08-31";"1999-09-18"
775;33;"CB";"2000-08-31";"2000-09-23"
776;33;"CHQ";"1999-09-30";"1999-10-27"
777;33;"CHQ";"2000-09-30";"2000-10-18"
778;33;"CHQ";"1999-10-31";"1999-11-21"
779;33;"CHQ";"2000-10-31";"2000-11-30"
780;33;"CHQ";"1999-11-30";"1999-12-11"
781;33;"CHQ";"2000-11-30";"2000-12-21"
782;33;"CHQ";"1999-12-31";"2000-01-21"
783;33;"CHQ";"2000-12-31";"2001-01-21"
784;34;"CHQ";"1999-01-31";"1999-02-21"
785;34;"CB";"2000-01-31";"2000-02-23"
786;34;"CHQ";"1999-02-28";"1999-03-27"
787;34;"CHQ";"2000-02-29";"2000-03-21"
788;34;"CHQ";"1999-03-31";"1999-04-21"
789;34;"CHQ";"2000-03-31";"2000-04-30"
790;34;"CHQ";"1999-04-30";"1999-05-11"
791;34;"CHQ";"2000-04-30";"2000-05-30"
792;34;"CHQ";"1999-05-31";"1999-06-30"
793;34;"CHQ";"2000-05-31";"2000-06-30"
794;34;"CHQ";"1999-06-30";"1999-07-30"
795;34;"CB";"2000-06-30";"2000-07-23"
796;34;"CHQ";"1999-07-31";"1999-08-27"
797;34;"CHQ";"2000-07-31";"2000-08-30"
798;34;"CHQ";"1999-08-31";"1999-09-30"
799;34;"CHQ";"2000-08-31";"2000-09-30"
800;34;"ESP";"1999-09-30";"1999-10-11"
801;34;"ESP";"2000-09-30";"2000-10-11"
802;34;"ESP";"1999-10-31";"1999-11-11"
803;34;"CHQ";"2000-10-31";"2000-11-11"
804;34;"CHQ";"1999-11-30";"1999-12-11"
805;34;"CB";"2000-11-30";"2000-12-11"
806;34;"CB";"1999-12-31";"2000-01-11"
807;34;"CHQ";"2000-12-31";"2001-01-11"
808;35;"ESP";"1999-01-31";"1999-02-11"
809;35;"ESP";"2000-01-31";"2000-02-11"
810;35;"ESP";"1999-02-28";"1999-03-11"
811;35;"CHQ";"2000-02-29";"2000-03-14"
812;35;"CHQ";"1999-03-31";"1999-04-15"
813;35;"CHQ";"2000-03-31";"2000-04-12"
814;35;"CHQ";"1999-04-30";"1999-05-14"
815;35;"CB";"2000-04-30";"2000-05-23"
816;35;"CHQ";"1999-05-31";"1999-06-27"
817;35;"CHQ";"2000-05-31";"2000-06-18"
818;35;"CHQ";"1999-06-30";"1999-07-21"
819;35;"CHQ";"2000-06-30";"2000-07-30"
820;35;"ESP";"1999-07-31";"1999-08-11"
821;35;"CHQ";"2000-07-31";"2000-08-14"
822;35;"CHQ";"1999-08-31";"1999-09-15"
823;35;"CHQ";"2000-08-31";"2000-09-12"
824;35;"CHQ";"1999-09-30";"1999-10-10"
825;35;"CB";"2000-09-30";"2000-10-23"
826;35;"CHQ";"1999-10-31";"1999-11-27"
827;35;"CHQ";"2000-10-31";"2000-11-18"
828;35;"CHQ";"1999-11-30";"1999-12-21"
829;35;"CHQ";"2000-11-30";"2000-12-30"
830;35;"ESP";"1999-12-31";"2000-01-11"
831;35;"CHQ";"2000-12-31";"2001-01-14"
832;36;"CHQ";"1999-01-31";"1999-02-15"
833;36;"CHQ";"2000-01-31";"2000-02-12"
834;36;"CHQ";"1999-02-28";"1999-03-14"
835;36;"CB";"2000-02-29";"2000-03-23"
836;36;"CHQ";"1999-03-31";"1999-04-27"
837;36;"CHQ";"2000-03-31";"2000-04-18"
838;36;"CHQ";"1999-04-30";"1999-05-21"
839;36;"CHQ";"2000-04-30";"2000-05-30"
840;36;"ESP";"1999-05-31";"1999-06-11"
841;36;"CHQ";"2000-05-31";"2000-06-14"
842;36;"CHQ";"1999-06-30";"1999-07-15"
843;36;"CHQ";"2000-06-30";"2000-07-12"
844;36;"CHQ";"1999-07-31";"1999-08-14"
845;36;"CB";"2000-07-31";"2000-08-23"
846;36;"CHQ";"1999-08-31";"1999-09-27"
847;36;"CHQ";"2000-08-31";"2000-09-18"
848;36;"CHQ";"1999-09-30";"1999-10-21"
849;36;"CB";"2000-09-30";"2000-10-30"
850;36;"CB";"1999-10-31";"1999-11-11"
851;36;"CHQ";"2000-10-31";"2000-11-14"
852;36;"CHQ";"1999-11-30";"1999-12-15"
853;36;"CHQ";"2000-11-30";"2000-12-12"
854;36;"CHQ";"1999-12-31";"2000-01-14"
855;36;"CB";"2000-12-31";"2001-01-23"
856;37;"CHQ";"1999-01-31";"1999-02-27"
857;37;"CB";"2000-01-31";"2000-02-18"
858;37;"CHQ";"1999-02-28";"1999-03-21"
859;37;"CHQ";"2000-02-29";"2000-03-30"
860;37;"CB";"1999-03-31";"1999-04-11"
861;37;"CHQ";"2000-03-31";"2000-04-14"
862;37;"CHQ";"1999-04-30";"1999-05-15"
863;37;"CHQ";"1999-05-31";"1999-06-12"
864;37;"CHQ";"2000-05-31";"2000-06-14"
865;37;"CB";"1999-06-30";"1999-07-23"
866;37;"CHQ";"2000-06-30";"2000-07-27"
867;37;"CHQ";"1999-07-31";"1999-08-18"
868;37;"CHQ";"2000-07-31";"2000-08-21"
869;37;"CHQ";"1999-08-31";"1999-09-30"
870;37;"CHQ";"2000-08-31";"2000-09-11"
871;37;"CHQ";"1999-09-30";"1999-10-18"
872;37;"CHQ";"2000-09-30";"2000-10-18"
873;37;"CHQ";"1999-10-31";"1999-11-18"
874;37;"CHQ";"2000-10-31";"2000-11-18"
875;37;"CB";"1999-11-30";"1999-12-23"
876;37;"CHQ";"2000-11-30";"2000-12-27"
877;37;"CHQ";"1999-12-31";"2000-01-18"
878;37;"CHQ";"2000-12-31";"2001-01-21"
879;38;"CHQ";"1999-01-31";"1999-03-02"
880;38;"ESP";"2000-01-31";"2000-02-11"
881;38;"CHQ";"1999-02-28";"1999-03-21"
882;38;"CHQ";"2000-02-29";"2000-03-21"
883;38;"CHQ";"1999-03-31";"1999-04-21"
884;38;"CHQ";"2000-03-31";"2000-04-21"
885;38;"CB";"1999-04-30";"1999-05-23"
886;38;"CHQ";"2000-04-30";"2000-05-27"
887;38;"CHQ";"1999-05-31";"1999-06-21"
888;38;"CHQ";"2000-05-31";"2000-06-21"
889;38;"CHQ";"1999-06-30";"1999-07-30"
890;38;"ESP";"2000-06-30";"2000-07-11"
891;38;"CHQ";"1999-07-31";"1999-08-30"
892;38;"CHQ";"2000-07-31";"2000-08-30"
893;38;"CHQ";"1999-08-31";"1999-09-30"
894;38;"CHQ";"2000-08-31";"2000-09-30"
895;38;"CB";"1999-09-30";"1999-10-23"
896;38;"CHQ";"2000-09-30";"2000-10-27"
897;38;"CHQ";"1999-10-31";"1999-11-30"
898;38;"CHQ";"2000-10-31";"2000-11-30"
899;38;"CHQ";"1999-11-30";"1999-12-30"
900;38;"ESP";"2000-11-30";"2000-12-11"
901;38;"ESP";"1999-12-31";"2000-01-11"
902;38;"ESP";"2000-12-31";"2001-01-11"
903;39;"CHQ";"2000-01-31";"2000-02-11"
904;39;"";"1999-02-28";"0000-00-00"
905;39;"CB";"2000-02-29";"2000-03-11"
906;39;"CB";"1999-03-31";"1999-04-11"
907;39;"CHQ";"2000-03-31";"2000-04-11"
908;39;"ESP";"1999-04-30";"1999-05-11"
909;39;"";"2000-04-30";"0000-00-00"
910;39;"ESP";"1999-05-31";"1999-06-11"
911;39;"CHQ";"2000-05-31";"2000-06-14"
912;39;"CHQ";"1999-06-30";"1999-07-15"
913;39;"CHQ";"2000-06-30";"2000-07-12"
914;39;"CHQ";"1999-07-31";"1999-08-14"
915;39;"CB";"2000-07-31";"2000-08-23"
916;39;"CHQ";"1999-08-31";"1999-09-27"
917;39;"CHQ";"2000-08-31";"2000-09-18"
918;39;"CHQ";"1999-09-30";"1999-10-21"
919;39;"CHQ";"2000-09-30";"2000-10-30"
920;39;"ESP";"1999-10-31";"1999-11-11"
921;39;"CHQ";"2000-10-31";"2000-11-14"
922;39;"CHQ";"1999-11-30";"1999-12-15"
923;39;"CHQ";"2000-11-30";"2000-12-12"
924;39;"CHQ";"1999-12-31";"2000-01-10"
925;39;"CB";"2000-12-31";"2001-01-23"
926;40;"CHQ";"1999-01-31";"1999-02-27"
927;40;"CHQ";"2000-01-31";"2000-02-18"
928;40;"CHQ";"1999-02-28";"1999-03-21"
929;40;"CHQ";"2000-02-29";"2000-03-30"
930;40;"ESP";"1999-03-31";"1999-04-11"
931;40;"CHQ";"2000-03-31";"2000-04-14"
932;40;"CHQ";"1999-04-30";"1999-05-15"
933;40;"CHQ";"2000-04-30";"2000-05-12"
934;40;"CHQ";"1999-05-31";"1999-06-14"
935;40;"CB";"2000-05-31";"2000-06-23"
936;40;"CHQ";"1999-06-30";"1999-07-27"
937;40;"CHQ";"2000-06-30";"2000-07-18"
938;40;"CHQ";"1999-07-31";"1999-08-21"
939;40;"CHQ";"2000-07-31";"2000-08-30"
940;40;"ESP";"1999-08-31";"1999-09-11"
941;40;"CHQ";"2000-08-31";"2000-09-14"
942;40;"CHQ";"1999-09-30";"1999-10-15"
943;40;"CHQ";"2000-09-30";"2000-10-12"
944;40;"CHQ";"1999-10-31";"1999-11-14"
945;40;"CB";"2000-10-31";"2000-11-23"
946;40;"CHQ";"1999-11-30";"1999-12-27"
947;40;"";"2000-11-30";"0000-00-00"
948;40;"CHQ";"1999-12-31";"2000-01-21"
949;40;"CB";"2000-12-31";"2001-01-30"
950;41;"CB";"1999-01-31";"1999-02-11"
951;41;"CHQ";"2000-01-31";"2000-02-14"
952;41;"CHQ";"1999-02-28";"1999-03-15"
953;41;"CHQ";"2000-02-29";"2000-03-12"
954;41;"CHQ";"1999-03-31";"1999-04-14"
955;41;"CB";"2000-03-31";"2000-04-23"
956;41;"CHQ";"1999-04-30";"1999-05-27"
957;41;"CB";"2000-04-30";"2000-05-18"
958;41;"CHQ";"1999-05-31";"1999-06-21"
959;41;"CHQ";"2000-05-31";"2000-06-30"
960;41;"CB";"1999-06-30";"1999-07-11"
961;41;"CHQ";"2000-06-30";"2000-07-14"
962;41;"CHQ";"1999-07-31";"1999-08-15"
963;41;"CHQ";"2000-07-31";"2000-08-12"
964;41;"CHQ";"1999-08-31";"1999-09-14"
965;41;"CB";"2000-08-31";"2000-09-23"
966;41;"CHQ";"1999-09-30";"1999-10-27"
967;41;"CHQ";"2000-09-30";"2000-10-18"
968;41;"CHQ";"1999-10-31";"1999-11-21"
969;41;"CHQ";"2000-10-31";"2000-11-30"
970;41;"CHQ";"1999-11-30";"1999-12-11"
971;41;"CHQ";"2000-11-30";"2000-12-18"
972;41;"CHQ";"1999-12-31";"2000-01-18"
973;41;"CHQ";"2000-12-31";"2001-01-18"
974;42;"CHQ";"1999-01-31";"1999-02-18"
975;42;"CB";"2000-01-31";"2000-02-23"
976;42;"CHQ";"1999-02-28";"1999-03-27"
977;42;"CHQ";"2000-02-29";"2000-03-18"
978;42;"CHQ";"1999-03-31";"1999-04-21"
979;42;"CHQ";"2000-03-31";"2000-04-30"
980;42;"ESP";"2000-04-30";"2000-05-11"
981;42;"CHQ";"1999-05-31";"1999-06-21"
982;42;"CHQ";"1999-06-30";"1999-07-21"
983;42;"CHQ";"2000-06-30";"2000-07-21"
984;42;"CHQ";"1999-07-31";"1999-08-21"
985;42;"CB";"2000-07-31";"2000-08-23"
986;42;"CHQ";"1999-08-31";"1999-09-27"
987;42;"CHQ";"2000-08-31";"2000-09-21"
988;42;"CHQ";"1999-09-30";"1999-10-21"
989;42;"CHQ";"2000-09-30";"2000-10-30"
990;42;"ESP";"1999-10-31";"1999-11-11"
991;42;"CHQ";"2000-10-31";"2000-11-30"
992;42;"CHQ";"1999-11-30";"1999-12-30"
993;42;"CHQ";"2000-11-30";"2000-12-30"
994;42;"CHQ";"1999-12-31";"2000-01-30"
995;42;"CB";"2000-12-31";"2001-01-23"
996;43;"CHQ";"1999-01-31";"1999-02-27"
997;43;"CHQ";"2000-01-31";"2000-03-01"
998;43;"CHQ";"1999-02-28";"1999-03-30"
999;43;"CHQ";"2000-02-29";"2000-03-30"
1000;43;"ESP";"1999-03-31";"1999-04-11"
1001;43;"ESP";"2000-03-31";"2000-04-11"
1002;43;"CHQ";"1999-04-30";"1999-05-11"
1003;43;"CHQ";"2000-04-30";"2000-05-11"
1004;43;"CHQ";"1999-05-31";"1999-06-11"
1005;43;"CB";"2000-05-31";"2000-06-11"
1006;43;"CB";"1999-06-30";"1999-07-11"
1007;43;"CHQ";"2000-06-30";"2000-07-11"
1008;43;"ESP";"1999-07-31";"1999-08-11"
1009;43;"ESP";"2000-07-31";"2000-08-11"
1010;43;"ESP";"1999-08-31";"1999-09-11"
1011;43;"ESP";"2000-08-31";"2000-09-11"
1012;43;"CHQ";"1999-09-30";"1999-10-11"
1013;43;"CHQ";"2000-09-30";"2000-10-11"
1014;43;"CHQ";"1999-10-31";"1999-11-11"
1015;43;"CB";"2000-10-31";"2000-11-11"
1016;43;"CB";"1999-11-30";"1999-12-11"
1017;43;"CHQ";"2000-11-30";"2000-12-11"
1018;43;"ESP";"1999-12-31";"2000-01-11"
1019;43;"ESP";"2000-12-31";"2001-01-11"
1020;44;"ESP";"1999-01-31";"1999-02-11"
1021;44;"ESP";"2000-01-31";"2000-02-11"
1022;44;"CHQ";"2001-01-31";"2001-02-11"
1023;44;"CHQ";"1999-02-28";"1999-03-11"
1024;44;"CHQ";"2000-02-29";"2000-03-11"
1025;44;"";"1999-03-31";"0000-00-00"
1026;44;"CB";"2000-03-31";"2000-04-11"
1027;44;"CHQ";"1999-04-30";"1999-05-11"
1028;44;"ESP";"2000-04-30";"2000-05-11"
1029;44;"ESP";"1999-05-31";"1999-06-11"
1030;44;"ESP";"2000-05-31";"2000-06-11"
1031;44;"ESP";"1999-06-30";"1999-07-11"
1032;44;"CHQ";"2000-06-30";"2000-07-11"
1033;44;"CHQ";"1999-07-31";"1999-08-11"
1034;44;"CHQ";"2000-07-31";"2000-08-11"
1035;44;"CB";"1999-08-31";"1999-09-11"
1036;44;"CB";"2000-08-31";"2000-09-11"
1037;44;"CHQ";"1999-09-30";"1999-10-11"
1038;44;"ESP";"2000-09-30";"2000-10-11"
1039;44;"ESP";"1999-10-31";"1999-11-11"
1040;44;"ESP";"2000-10-31";"2000-11-11"
1041;44;"ESP";"1999-11-30";"1999-12-11"
1042;44;"CHQ";"2000-11-30";"2000-12-11"
1043;44;"CHQ";"1999-12-31";"2000-01-11"
1044;44;"CHQ";"2000-12-31";"2001-01-11"
1045;45;"CB";"1999-01-31";"1999-02-11"
1046;45;"CB";"2000-01-31";"2000-02-11"
1047;45;"CHQ";"1999-02-28";"1999-03-11"
1048;45;"ESP";"2000-02-29";"2000-03-11"
1049;45;"ESP";"1999-03-31";"1999-04-11"
1050;45;"CB";"2000-03-31";"2000-04-11"
1051;45;"CB";"1999-04-30";"1999-05-11"
1052;45;"CHQ";"2000-04-30";"2000-05-11"
1053;45;"CHQ";"1999-05-31";"1999-06-11"
1054;45;"CHQ";"2000-05-31";"2000-06-11"
1055;45;"CB";"1999-06-30";"1999-07-11"
1056;45;"CB";"2000-06-30";"2000-07-11"
1057;45;"CB";"1999-07-31";"1999-08-11"
1058;45;"CB";"2000-07-31";"2000-08-11"
1059;45;"CB";"1999-08-31";"1999-09-11"
1060;45;"CB";"2000-08-31";"2000-09-11"
1061;45;"CB";"1999-09-30";"1999-10-11"
1062;45;"CHQ";"2000-09-30";"2000-10-11"
1063;45;"CHQ";"1999-10-31";"1999-11-11"
1064;45;"CHQ";"2000-10-31";"2000-11-11"
1065;45;"CB";"1999-11-30";"1999-12-11"
1066;45;"CB";"2000-11-30";"2000-12-11"
1067;45;"CB";"1999-12-31";"2000-01-11"
1068;45;"CB";"2000-12-31";"2001-01-11"
1069;46;"CB";"1999-01-31";"1999-02-11"
1070;46;"CHQ";"2000-01-31";"2000-02-11"
1071;46;"CHQ";"2001-01-31";"2001-02-11"
1072;46;"CHQ";"1999-02-28";"1999-03-11"
1073;46;"CHQ";"2000-02-29";"2000-03-11"
1074;46;"CHQ";"1999-03-31";"1999-04-11"
1075;46;"CB";"2000-03-31";"2000-04-11"
1076;46;"CB";"1999-04-30";"1999-05-11"
1077;46;"CHQ";"2000-04-30";"2000-05-11"
1078;46;"CHQ";"1999-05-31";"1999-06-11"
1079;46;"CHQ";"2000-05-31";"2000-06-11"
1080;46;"ESP";"1999-06-30";"1999-07-11"
1081;46;"ESP";"2000-06-30";"2000-07-11"
1082;46;"CHQ";"1999-07-31";"1999-08-11"
1083;46;"CHQ";"2000-07-31";"2000-08-11"
1084;46;"CHQ";"1999-08-31";"1999-09-11"
1085;46;"CB";"2000-08-31";"2000-09-11"
1086;46;"";"1999-09-30";"0000-00-00"
1087;46;"CHQ";"2000-09-30";"2000-10-11"
1088;46;"ESP";"1999-10-31";"1999-11-11"
1089;46;"ESP";"2000-10-31";"2000-11-11"
1090;46;"ESP";"1999-11-30";"1999-12-11"
1091;46;"ESP";"1999-12-31";"2000-01-11"
1092;46;"CHQ";"2000-12-31";"2001-01-11"
1093;47;"CHQ";"1999-01-31";"1999-02-11"
1094;47;"CHQ";"2000-01-31";"2000-02-11"
1095;47;"CB";"1999-02-28";"1999-03-12"
1096;47;"CB";"2000-02-29";"2000-03-11"
1097;47;"CHQ";"1999-03-31";"1999-04-11"
1098;47;"ESP";"2000-03-31";"1999-03-15"
1099;47;"ESP";"1999-04-30";"1999-05-11"
1100;47;"ESP";"2000-04-30";"1999-03-16"
1101;47;"ESP";"1999-05-31";"1999-06-11"
1102;47;"CHQ";"2000-05-31";"2000-06-11"
1103;47;"CHQ";"1999-06-30";"1999-07-11"
1104;47;"CHQ";"2000-06-30";"2000-07-11"
1105;47;"CB";"1999-07-31";"1999-08-11"
1106;47;"CB";"2000-07-31";"2000-08-11"
1107;47;"CHQ";"1999-08-31";"1999-09-11"
1108;47;"ESP";"2000-08-31";"2000-09-11"
1109;47;"ESP";"1999-09-30";"1999-10-11"
1110;47;"ESP";"2000-09-30";"2000-10-11"
1111;47;"CB";"1999-10-31";"1999-11-14"
1112;47;"CHQ";"2000-10-31";"2000-11-15"
1113;47;"CHQ";"1999-11-30";"1999-12-12"
1114;47;"CHQ";"2000-11-30";"2000-12-14"
1115;47;"CB";"1999-12-31";"2000-01-23"
1116;47;"CB";"2000-12-31";"2001-01-27"
1117;48;"CHQ";"1999-01-31";"1999-02-18"
1118;48;"CHQ";"2000-01-31";"2000-02-21"
1119;48;"CHQ";"1999-02-28";"1999-03-30"
1120;48;"ESP";"2000-02-29";"2000-03-11"
1121;48;"CB";"1999-03-31";"1999-04-14"
1122;48;"CHQ";"2000-03-31";"2000-04-15"
1123;48;"CHQ";"1999-04-30";"1999-05-12"
1124;48;"CHQ";"2000-04-30";"2000-05-10"
1125;48;"CB";"1999-05-31";"1999-06-23"
1126;48;"CB";"2000-05-31";"2000-06-27"
1127;48;"CHQ";"1999-06-30";"1999-07-18"
1128;48;"CHQ";"2000-06-30";"2000-07-21"
1129;48;"CHQ";"1999-07-31";"1999-08-30"
1130;48;"ESP";"2000-07-31";"2000-08-11"
1131;48;"CB";"1999-08-31";"1999-09-14"
1132;48;"CHQ";"2000-08-31";"2000-09-15"
1133;48;"CHQ";"1999-09-30";"1999-10-12"
1134;48;"CHQ";"2000-09-30";"2000-10-14"
1135;48;"CB";"1999-10-31";"1999-11-23"
1136;48;"CB";"2000-10-31";"2000-11-27"
1137;48;"CHQ";"1999-11-30";"1999-12-18"
1138;48;"CHQ";"2000-11-30";"2000-12-21"
1139;48;"CHQ";"1999-12-31";"2000-01-30"
1140;48;"ESP";"2000-12-31";"2001-01-11"
1141;49;"CB";"1999-01-31";"1999-02-14"
1142;49;"CHQ";"2000-01-31";"2000-02-15"
1143;49;"CHQ";"2001-01-31";"2001-02-12"
1144;49;"CHQ";"1999-02-28";"1999-03-14"
1145;49;"CB";"2000-02-29";"2000-03-23"
1146;49;"CB";"1999-03-31";"1999-04-27"
1147;49;"CHQ";"2000-03-31";"2000-04-18"
1148;49;"CHQ";"1999-04-30";"1999-05-21"
1149;49;"CHQ";"2000-04-30";"2000-05-30"
1150;49;"CB";"1999-05-31";"1999-06-11"
1151;49;"CB";"2000-05-31";"2000-06-14"
1152;49;"CHQ";"1999-06-30";"1999-07-15"
1153;49;"CHQ";"2000-06-30";"2000-07-12"
1154;49;"CHQ";"1999-07-31";"1999-08-14"
1155;49;"CB";"2000-07-31";"2000-08-23"
1156;49;"CB";"1999-08-31";"1999-09-27"
1157;49;"CHQ";"2000-08-31";"2000-09-18"
1158;49;"CHQ";"1999-09-30";"1999-10-21"
1159;49;"CHQ";"2000-09-30";"2000-10-30"
1160;49;"CB";"1999-10-31";"1999-11-11"
1161;49;"CB";"2000-10-31";"2000-11-14"
1162;49;"CHQ";"1999-11-30";"1999-12-15"
1163;49;"CHQ";"2000-11-30";"2000-12-12"
1164;49;"CHQ";"1999-12-31";"2000-01-14"
1165;49;"CB";"2000-12-31";"2001-01-23"
1166;50;"CB";"1999-01-31";"1999-02-27"
1167;50;"CHQ";"2000-01-31";"2000-02-18"
1168;50;"CHQ";"1999-02-28";"1999-03-21"
1169;50;"CHQ";"2000-02-29";"2000-03-30"
1170;50;"CHQ";"1999-03-31";"1999-04-11"
1171;50;"CHQ";"2000-03-31";"2000-04-18"
1172;50;"CHQ";"1999-04-30";"1999-05-18"
1173;50;"CHQ";"1999-05-31";"1999-06-18"
1174;50;"CHQ";"2000-05-31";"2000-06-18"
1175;50;"CB";"1999-06-30";"1999-07-23"
1176;50;"CHQ";"2000-06-30";"2000-07-27"
1177;50;"CHQ";"1999-07-31";"1999-08-18"
1178;50;"CHQ";"2000-07-31";"2000-08-21"
1179;50;"CHQ";"1999-08-31";"1999-09-30"
1180;50;"ESP";"2000-08-31";"2000-09-11"
1181;50;"CHQ";"1999-09-30";"1999-10-21"
1182;50;"CHQ";"2000-09-30";"2000-10-21"
1183;50;"CHQ";"1999-10-31";"1999-11-21"
1184;50;"CHQ";"2000-10-31";"2000-11-21"
1185;50;"CB";"2000-11-30";"2000-12-23"
1186;50;"CHQ";"1999-12-31";"2000-01-27"
1187;50;"CHQ";"2000-12-31";"2001-01-21"
1188;51;"CHQ";"1999-01-31";"1999-02-21"
1189;51;"CHQ";"2000-01-31";"2000-03-01"
1190;51;"ESP";"1999-02-28";"1999-03-11"
1191;51;"CHQ";"2000-02-29";"2000-03-30"
1192;51;"CHQ";"1999-03-31";"1999-04-30"
1193;51;"CHQ";"2000-03-31";"2000-04-30"
1194;51;"CHQ";"1999-04-30";"1999-05-30"
1195;51;"CB";"2000-04-30";"2000-05-23"
1196;51;"CHQ";"1999-05-31";"1999-06-27"
1197;51;"CHQ";"2000-05-31";"2000-06-30"
1198;51;"CHQ";"1999-06-30";"1999-07-30"
1199;51;"CHQ";"2000-06-30";"2000-07-30"
1200;51;"ESP";"1999-07-31";"1999-08-11"
1201;51;"ESP";"2000-07-31";"2000-08-11"
1202;51;"CHQ";"1999-08-31";"1999-09-11"
1203;51;"CHQ";"2000-08-31";"2000-09-11"
1204;51;"";"1999-09-30";"0000-00-00"
1205;51;"CB";"2000-09-30";"2000-10-11"
1206;51;"CB";"1999-10-31";"1999-11-11"
1207;51;"CHQ";"2000-10-31";"2000-11-11"
1208;51;"ESP";"1999-11-30";"1999-12-11"
1209;51;"ESP";"2000-11-30";"2000-12-11"
1210;51;"ESP";"1999-12-31";"2000-01-11"
1211;51;"CB";"2000-12-31";"2001-01-14"
1212;52;"CHQ";"1999-01-31";"1999-02-15"
1213;52;"CHQ";"2000-01-31";"2000-02-12"
1214;52;"CHQ";"1999-02-28";"1999-03-14"
1215;52;"CB";"2000-02-29";"2000-03-23"
1216;52;"CB";"1999-03-31";"1999-04-27"
1217;52;"CHQ";"2000-03-31";"2000-04-18"
1218;52;"CHQ";"1999-04-30";"1999-05-21"
1219;52;"CHQ";"2000-04-30";"2000-05-30"
1220;52;"ESP";"1999-05-31";"1999-06-11"
1221;52;"CB";"2000-05-31";"2000-06-14"
1222;52;"CHQ";"1999-06-30";"1999-07-15"
1223;52;"CHQ";"2000-06-30";"2000-07-12"
1224;52;"CHQ";"1999-07-31";"1999-08-10"
1225;52;"CB";"2000-07-31";"2000-08-23"
1226;52;"CB";"1999-08-31";"1999-09-27"
1227;52;"CHQ";"2000-08-31";"2000-09-18"
1228;52;"CHQ";"1999-09-30";"1999-10-21"
1229;52;"CHQ";"2000-09-30";"2000-10-30"
1230;52;"ESP";"1999-10-31";"1999-11-11"
1231;52;"CB";"2000-10-31";"2000-11-14"
1232;52;"CHQ";"1999-11-30";"1999-12-15"
1233;52;"CHQ";"2000-11-30";"2000-12-12"
1234;52;"CHQ";"1999-12-31";"2000-01-14"
1235;52;"CB";"2000-12-31";"2001-01-23"
1236;53;"CB";"2000-01-31";"2000-02-27"
1237;53;"CHQ";"1999-02-28";"1999-03-18"
1238;53;"CHQ";"2000-02-29";"2000-03-21"
1239;53;"CHQ";"1999-03-31";"1999-04-30"
1240;53;"ESP";"2000-03-31";"2000-04-11"
1241;53;"CB";"1999-04-30";"1999-05-14"
1242;53;"CHQ";"2000-04-30";"2000-05-15"
1243;53;"CHQ";"1999-05-31";"1999-06-12"
1244;53;"CHQ";"2000-05-31";"2000-06-14"
1245;53;"CB";"1999-06-30";"1999-07-23"
1246;53;"CB";"2000-06-30";"2000-07-27"
1247;53;"CHQ";"1999-07-31";"1999-08-18"
1248;53;"CHQ";"2000-07-31";"2000-08-21"
1249;53;"CHQ";"1999-08-31";"1999-09-30"
1250;53;"CB";"2000-08-31";"2000-09-11"
1251;53;"CB";"1999-09-30";"1999-10-14"
1252;53;"CHQ";"2000-09-30";"2000-10-15"
1253;53;"CHQ";"1999-10-31";"1999-11-12"
1254;53;"CHQ";"2000-10-31";"2000-11-14"
1255;53;"CB";"1999-11-30";"1999-12-23"
1256;53;"CB";"2000-11-30";"2000-12-27"
1257;53;"CHQ";"1999-12-31";"2000-01-18"
1258;53;"CHQ";"2000-12-31";"2001-01-21"
1259;54;"CHQ";"1999-01-31";"1999-03-02"
1260;54;"CB";"2000-01-31";"2000-02-11"
1261;54;"CB";"1999-02-28";"1999-03-14"
1262;54;"CHQ";"2000-02-29";"2000-03-15"
1263;54;"CHQ";"1999-03-31";"1999-04-12"
1264;54;"CHQ";"2000-03-31";"2000-04-14"
1265;54;"CB";"1999-04-30";"1999-05-23"
1266;54;"CB";"2000-04-30";"2000-05-27"
1267;54;"CHQ";"1999-05-31";"1999-06-18"
1268;54;"CHQ";"2000-05-31";"2000-06-21"
1269;54;"CHQ";"1999-06-30";"1999-07-30"
1270;54;"CHQ";"2000-06-30";"2000-07-11"
1271;54;"CHQ";"1999-07-31";"1999-08-18"
1272;54;"CHQ";"2000-07-31";"2000-08-18"
1273;54;"CHQ";"1999-08-31";"1999-09-18"
1274;54;"CHQ";"2000-08-31";"2000-09-18"
1275;54;"CB";"1999-09-30";"1999-10-23"
1276;54;"CB";"2000-09-30";"2000-10-27"
1277;54;"CHQ";"1999-10-31";"1999-11-18"
1278;54;"CHQ";"2000-10-31";"2000-11-21"
1279;54;"CHQ";"2000-11-30";"2000-12-30"
1280;54;"ESP";"1999-12-31";"2000-01-11"
1281;54;"CHQ";"2000-12-31";"2001-01-21"
1282;55;"CHQ";"1999-01-31";"1999-02-21"
1283;55;"CHQ";"2000-01-31";"2000-02-21"
1284;55;"CHQ";"2001-01-31";"2001-02-21"
1285;55;"CB";"1999-02-28";"1999-03-23"
1286;55;"CHQ";"2000-02-29";"2000-03-27"
1287;55;"CHQ";"1999-03-31";"1999-04-21"
1288;55;"CHQ";"2000-03-31";"2000-04-21"
1289;55;"CHQ";"1999-04-30";"1999-05-30"
1290;55;"ESP";"2000-04-30";"2000-05-11"
1291;55;"CHQ";"1999-05-31";"1999-06-30"
1292;55;"CHQ";"2000-05-31";"2000-06-30"
1293;55;"CHQ";"1999-06-30";"1999-07-30"
1294;55;"CHQ";"2000-06-30";"2000-07-30"
1295;55;"CB";"1999-07-31";"1999-08-23"
1296;55;"CHQ";"2000-07-31";"2000-08-27"
1297;55;"CHQ";"2000-08-31";"2000-09-30"
1298;55;"CHQ";"1999-09-30";"1999-10-30"
1299;55;"CHQ";"2000-09-30";"2000-10-30"
1300;55;"ESP";"1999-10-31";"1999-11-11"
1301;55;"ESP";"2000-10-31";"2000-11-11"
1302;55;"CHQ";"1999-11-30";"1999-12-11"
1303;55;"CHQ";"2000-11-30";"2000-12-11"
1304;55;"CHQ";"1999-12-31";"2000-01-11"
1305;56;"CB";"1999-01-31";"1999-02-11"
1306;56;"CB";"2000-01-31";"2000-02-11"
1307;56;"CHQ";"1999-02-28";"1999-03-11"
1308;56;"ESP";"2000-02-29";"2000-03-11"
1309;56;"ESP";"1999-03-31";"1999-04-11"
1310;56;"ESP";"2000-03-31";"2000-04-11"
1311;56;"CB";"1999-04-30";"1999-05-14"
1312;56;"CHQ";"2000-04-30";"2000-05-15"
1313;56;"CHQ";"1999-05-31";"1999-06-12"
1314;56;"CHQ";"2000-05-31";"2000-06-14"
1315;56;"CB";"1999-06-30";"1999-07-23"
1316;56;"CB";"2000-06-30";"2000-07-27"
1317;56;"CHQ";"1999-07-31";"1999-08-18"
1318;56;"CHQ";"2000-07-31";"2000-08-21"
1319;56;"CHQ";"1999-08-31";"1999-09-30"
1320;56;"CHQ";"2000-08-31";"2000-09-11"
1321;56;"CHQ";"1999-09-30";"1999-10-14"
1322;56;"CHQ";"2000-09-30";"2000-10-15"
1323;56;"CHQ";"1999-10-31";"1999-11-12"
1324;56;"CHQ";"2000-10-31";"2000-11-10"
1325;56;"CB";"1999-11-30";"1999-12-23"
1326;56;"CHQ";"2000-11-30";"2000-12-27"
1327;56;"CHQ";"1999-12-31";"2000-01-18"
1328;56;"CHQ";"2000-12-31";"2001-01-21"
1329;57;"CHQ";"1999-01-31";"1999-03-02"
1330;57;"ESP";"2000-01-31";"2000-02-11"
1331;57;"CB";"1999-02-28";"1999-03-14"
1332;57;"CHQ";"2000-02-29";"2000-03-15"
1333;57;"CHQ";"1999-03-31";"1999-04-12"
1334;57;"CHQ";"2000-03-31";"2000-04-14"
1335;57;"CB";"1999-04-30";"1999-05-23"
1336;57;"CB";"2000-04-30";"2000-05-27"
1337;57;"CHQ";"1999-05-31";"1999-06-18"
1338;57;"CHQ";"2000-05-31";"2000-06-21"
1339;57;"CHQ";"1999-06-30";"1999-07-30"
1340;57;"ESP";"2000-06-30";"2000-07-11"
1341;57;"CB";"1999-07-31";"1999-08-14"
1342;57;"CHQ";"2000-07-31";"2000-08-15"
1343;57;"CHQ";"1999-08-31";"1999-09-12"
1344;57;"CHQ";"2000-08-31";"2000-09-14"
1345;57;"CB";"1999-09-30";"1999-10-23"
1346;57;"CB";"2000-09-30";"2000-10-27"
1347;57;"CHQ";"1999-10-31";"1999-11-18"
1348;57;"CHQ";"2000-10-31";"2000-11-21"
1349;57;"CHQ";"1999-11-30";"1999-12-30"
1350;57;"CB";"2000-11-30";"2000-12-11"
1351;57;"CB";"1999-12-31";"2000-01-14"
1352;57;"CHQ";"2000-12-31";"2001-01-15"
1353;58;"CHQ";"1999-01-31";"1999-02-12"
1354;58;"CHQ";"2000-01-31";"2000-02-14"
1355;58;"CB";"2001-01-31";"2001-02-23"
1356;58;"CB";"1999-02-28";"1999-03-27"
1357;58;"CHQ";"2000-02-29";"2000-03-18"
1358;58;"CHQ";"1999-03-31";"1999-04-21"
1359;58;"CHQ";"2000-03-31";"2000-04-30"
1360;58;"CB";"1999-04-30";"1999-05-11"
1361;58;"CB";"2000-04-30";"2000-05-14"
1362;58;"CHQ";"1999-05-31";"1999-06-15"
1363;58;"CHQ";"2000-05-31";"2000-06-12"
1364;58;"CHQ";"1999-06-30";"1999-07-14"
1365;58;"CB";"2000-06-30";"2000-07-23"
1366;58;"CB";"1999-07-31";"1999-08-27"
1367;58;"CHQ";"2000-07-31";"2000-08-18"
1368;58;"CHQ";"1999-08-31";"1999-09-21"
1369;58;"CHQ";"2000-08-31";"2000-09-30"
1370;58;"CHQ";"1999-09-30";"1999-10-11"
1371;58;"CHQ";"2000-09-30";"2000-10-18"
1372;58;"CHQ";"1999-10-31";"1999-11-18"
1373;58;"CHQ";"2000-10-31";"2000-11-18"
1374;58;"CHQ";"1999-11-30";"1999-12-18"
1375;58;"CB";"2000-11-30";"2000-12-23"
1376;58;"CHQ";"1999-12-31";"2000-01-27"
1377;58;"CHQ";"2000-12-31";"2001-01-18"
1378;59;"CHQ";"1999-01-31";"1999-02-21"
1379;59;"CHQ";"2000-01-31";"2000-03-01"
1380;59;"ESP";"1999-02-28";"1999-03-11"
1381;59;"CHQ";"2000-02-29";"2000-03-21"
1382;59;"CHQ";"1999-03-31";"1999-04-21"
1383;59;"CHQ";"2000-03-31";"2000-04-21"
1384;59;"CHQ";"1999-04-30";"1999-05-21"
1385;59;"CB";"2000-04-30";"2000-05-23"
1386;59;"CHQ";"1999-05-31";"1999-06-27"
1387;59;"CHQ";"2000-05-31";"2000-06-21"
1388;59;"CHQ";"1999-06-30";"1999-07-21"
1389;59;"CHQ";"2000-06-30";"2000-07-30"
1390;59;"ESP";"1999-07-31";"1999-08-11"
1391;59;"CHQ";"2000-07-31";"2000-08-30"
1392;59;"CHQ";"1999-08-31";"1999-09-30"
1393;59;"CHQ";"2000-08-31";"2000-09-30"
1394;59;"CHQ";"1999-09-30";"1999-10-30"
1395;59;"CB";"2000-09-30";"2000-10-23"
1396;59;"CHQ";"1999-10-31";"1999-11-27"
1397;59;"CHQ";"2000-10-31";"2000-11-30"
1398;59;"CHQ";"1999-11-30";"1999-12-30"
1399;59;"CHQ";"2000-11-30";"2000-12-30"
1400;59;"ESP";"1999-12-31";"2000-01-11"
1401;59;"ESP";"2000-12-31";"2001-01-11"
1402;60;"CHQ";"1999-01-31";"1999-02-11"
1403;60;"";"2000-01-31";"0000-00-00"
1404;60;"CHQ";"2001-01-31";"2001-02-11"
1405;60;"CB";"1999-02-28";"1999-03-11"
1406;60;"CB";"2000-02-29";"2000-03-11"
1407;60;"CHQ";"1999-03-31";"1999-04-11"
1408;60;"ESP";"2000-03-31";"2000-04-11"
1409;60;"ESP";"1999-04-30";"1999-05-11"
1410;60;"ESP";"2000-04-30";"2000-05-11"
1411;60;"CB";"1999-05-31";"1999-06-14"
1412;60;"CHQ";"2000-05-31";"2000-06-15"
1413;60;"CHQ";"1999-06-30";"1999-07-12"
1414;60;"CHQ";"2000-06-30";"2000-07-14"
1415;60;"CB";"1999-07-31";"1999-08-23"
1416;60;"CB";"2000-07-31";"2000-08-27"
1417;60;"CHQ";"1999-08-31";"1999-09-18"
1418;60;"CHQ";"2000-08-31";"2000-09-21"
1419;60;"CHQ";"1999-09-30";"1999-10-30"
1420;60;"ESP";"2000-09-30";"2000-10-11"
1421;60;"CB";"1999-10-31";"1999-11-14"
1422;60;"CHQ";"2000-10-31";"2000-11-15"
1423;60;"CHQ";"1999-11-30";"1999-12-12"
1424;60;"CHQ";"2000-11-30";"2000-12-10"
1425;60;"CB";"1999-12-31";"2000-01-23"
1426;60;"CB";"2000-12-31";"2001-01-27"
1427;61;"CHQ";"1999-01-31";"1999-02-18"
1428;61;"CHQ";"2000-01-31";"2000-02-21"
1429;61;"CHQ";"1999-02-28";"1999-03-30"
1430;61;"ESP";"2000-02-29";"2000-03-11"
1431;61;"CB";"1999-03-31";"1999-04-14"
1432;61;"CHQ";"2000-03-31";"2000-04-15"
1433;61;"CHQ";"1999-04-30";"1999-05-12"
1434;61;"CHQ";"2000-04-30";"2000-05-14"
1435;61;"CB";"1999-05-31";"1999-06-23"
1436;61;"CB";"2000-05-31";"2000-06-27"
1437;61;"CHQ";"1999-06-30";"1999-07-18"
1438;61;"CHQ";"2000-06-30";"2000-07-21"
1439;61;"CHQ";"1999-07-31";"1999-08-30"
1440;61;"ESP";"2000-07-31";"2000-08-11"
1441;61;"CB";"1999-08-31";"1999-09-14"
1442;61;"CHQ";"2000-08-31";"2000-09-15"
1443;61;"CHQ";"1999-09-30";"1999-10-12"
1444;61;"CHQ";"2000-09-30";"2000-10-14"
1445;61;"CB";"1999-10-31";"1999-11-23"
1446;61;"CB";"2000-10-31";"2000-11-27"
1447;61;"CHQ";"1999-11-30";"1999-12-18"
1448;61;"CHQ";"2000-11-30";"2000-12-21"
1449;61;"CHQ";"1999-12-31";"2000-01-30"
1450;61;"CB";"2000-12-31";"2001-01-11"
1451;62;"CB";"1999-01-31";"1999-02-14"
1452;62;"CHQ";"1999-02-28";"1999-03-15"
1453;62;"CHQ";"2000-02-29";"2000-03-12"
1454;62;"CHQ";"1999-03-31";"1999-04-14"
1455;62;"CB";"2000-03-31";"2000-04-23"
1456;62;"CB";"1999-04-30";"1999-05-27"
1457;62;"CHQ";"2000-04-30";"2000-05-18"
1458;62;"CHQ";"1999-05-31";"1999-06-21"
1459;62;"CHQ";"2000-05-31";"2000-06-30"
1460;62;"CB";"1999-06-30";"1999-07-11"
1461;62;"CB";"2000-06-30";"2000-07-14"
1462;62;"CHQ";"1999-07-31";"1999-08-15"
1463;62;"CHQ";"2000-07-31";"2000-08-12"
1464;62;"CHQ";"1999-08-31";"1999-09-14"
1465;62;"CB";"2000-08-31";"2000-09-23"
1466;62;"CB";"1999-09-30";"1999-10-27"
1467;62;"CHQ";"2000-09-30";"2000-10-18"
1468;62;"CHQ";"1999-10-31";"1999-11-21"
1469;62;"CHQ";"2000-10-31";"2000-11-30"
1470;62;"CHQ";"1999-11-30";"1999-12-11"
1471;62;"CHQ";"2000-11-30";"2000-12-18"
1472;62;"CHQ";"1999-12-31";"2000-01-18"
1473;62;"CHQ";"2000-12-31";"2001-01-18"
1474;63;"CHQ";"1999-01-31";"1999-02-18"
1475;63;"CB";"2000-01-31";"2000-02-23"
1476;63;"CHQ";"2001-01-31";"2001-02-27"
1477;63;"CHQ";"1999-02-28";"1999-03-18"
1478;63;"CHQ";"2000-02-29";"2000-03-21"
1479;63;"CHQ";"1999-03-31";"1999-04-30"
1480;63;"ESP";"2000-03-31";"2000-04-11"
1481;63;"CHQ";"1999-04-30";"1999-05-21"
1482;63;"CHQ";"2000-04-30";"2000-05-21"
1483;63;"CHQ";"1999-05-31";"1999-06-21"
1484;63;"CHQ";"2000-05-31";"2000-06-21"
1485;63;"CB";"1999-06-30";"1999-07-23"
1486;63;"CHQ";"2000-06-30";"2000-07-27"
1487;63;"CHQ";"1999-07-31";"1999-08-21"
1488;63;"CHQ";"2000-07-31";"2000-08-21"
1489;63;"CHQ";"1999-08-31";"1999-09-30"
1490;63;"CB";"2000-08-31";"2000-09-11"
1491;63;"CB";"1999-09-30";"1999-10-30"
1492;63;"CHQ";"2000-09-30";"2000-10-30"
1493;63;"CHQ";"1999-10-31";"1999-11-30"
1494;63;"CHQ";"2000-10-31";"2000-11-30"
1495;63;"CB";"1999-11-30";"1999-12-23"
1496;63;"CB";"2000-11-30";"2000-12-27"
1497;63;"CB";"1999-12-31";"2000-01-30"
1498;63;"CB";"2000-12-31";"2001-01-30"
1499;64;"CB";"1999-01-31";"1999-03-02"
1500;64;"CB";"2000-01-31";"2000-02-11"
1501;64;"CB";"2000-02-29";"2000-03-11"
1502;64;"CHQ";"1999-03-31";"1999-04-11"
1503;64;"CHQ";"2000-03-31";"2000-04-11"
1504;64;"CHQ";"1999-04-30";"1999-05-11"
1505;64;"CB";"2000-04-30";"2000-05-11"
1506;64;"CB";"1999-05-31";"1999-06-11"
1507;64;"CB";"2000-05-31";"2000-06-11"
1508;64;"CB";"1999-06-30";"1999-07-11"
1509;64;"CB";"2000-06-30";"2000-07-11"
1510;64;"CB";"1999-07-31";"1999-08-11"
1511;64;"CB";"2000-07-31";"2000-08-14"
1512;64;"CHQ";"1999-08-31";"1999-09-15"
1513;64;"CHQ";"2000-08-31";"2000-09-12"
1514;64;"CHQ";"2000-09-30";"2000-10-14"
1515;64;"CB";"1999-10-31";"1999-11-23"
1516;64;"CB";"2000-10-31";"2000-11-27"
1517;64;"CB";"1999-11-30";"1999-12-18"
1518;64;"CHQ";"2000-11-30";"2000-12-21"
1519;64;"CHQ";"1999-12-31";"2000-01-30"
1520;64;"CB";"2000-12-31";"2001-01-11"
1521;65;"CB";"1999-01-31";"1999-02-14"
1522;65;"CHQ";"2000-01-31";"2000-02-15"
1523;65;"CHQ";"1999-02-28";"1999-03-12"
1524;65;"CHQ";"2000-02-29";"2000-03-10"
1525;65;"CB";"1999-03-31";"1999-04-23"
1526;65;"CB";"2000-03-31";"2000-04-27"
1527;65;"CB";"1999-04-30";"1999-05-18"
1528;65;"CHQ";"2000-04-30";"2000-05-21"
1529;65;"CHQ";"1999-05-31";"1999-06-30"
1530;65;"CB";"2000-05-31";"2000-06-11"
1531;65;"CB";"1999-06-30";"1999-07-14"
1532;65;"CHQ";"2000-06-30";"2000-07-15"
1533;65;"CHQ";"1999-07-31";"1999-08-12"
1534;65;"CHQ";"2000-07-31";"2000-08-14"
1535;65;"CB";"1999-08-31";"1999-09-23"
1536;65;"CB";"2000-08-31";"2000-09-27"
1537;65;"CB";"1999-09-30";"1999-10-18"
1538;65;"CHQ";"2000-09-30";"2000-10-21"
1539;65;"CHQ";"1999-10-31";"1999-11-30"
1540;65;"CB";"2000-10-31";"2000-11-11"
1541;65;"CB";"1999-11-30";"1999-12-14"
1542;65;"CHQ";"2000-11-30";"2000-12-15"
1543;65;"CHQ";"1999-12-31";"2000-01-12"
1544;65;"CHQ";"2000-12-31";"2001-01-14"
1545;66;"CB";"1999-01-31";"1999-02-23"
1546;66;"CB";"2000-01-31";"2000-02-27"
1547;66;"CB";"1999-02-28";"1999-03-18"
1548;66;"CHQ";"2000-02-29";"2000-03-21"
1549;66;"CHQ";"1999-03-31";"1999-04-30"
1550;66;"CB";"2000-03-31";"2000-04-11"
1551;66;"CB";"1999-04-30";"1999-05-14"
1552;66;"CHQ";"2000-04-30";"2000-05-15"
1553;66;"CHQ";"1999-05-31";"1999-06-12"
1554;66;"CHQ";"2000-05-31";"2000-06-14"
1555;66;"CB";"1999-06-30";"1999-07-23"
1556;66;"CB";"2000-06-30";"2000-07-27"
1557;66;"CB";"1999-07-31";"1999-08-18"
1558;66;"CHQ";"2000-07-31";"2000-08-21"
1559;66;"CHQ";"1999-08-31";"1999-09-30"
1560;66;"CB";"2000-08-31";"2000-09-11"
1561;66;"CB";"1999-09-30";"1999-10-14"
1562;66;"CHQ";"2000-09-30";"2000-10-15"
1563;66;"CHQ";"1999-10-31";"1999-11-12"
1564;66;"CHQ";"2000-10-31";"2000-11-14"
1565;66;"CB";"1999-11-30";"1999-12-23"
1566;66;"CB";"2000-11-30";"2000-12-27"
1567;66;"CB";"1999-12-31";"2000-01-18"
1568;66;"CHQ";"2000-12-31";"2001-01-21"
1569;67;"CHQ";"1999-01-31";"1999-03-02"
1570;67;"CB";"2000-01-31";"2000-02-11"
1571;67;"CHQ";"1999-02-28";"1999-03-18"
1572;67;"CHQ";"2000-02-29";"2000-03-18"
1573;67;"CHQ";"1999-03-31";"1999-04-18"
1574;67;"CHQ";"2000-03-31";"2000-04-18"
1575;67;"CB";"1999-04-30";"1999-05-23"
1576;67;"CHQ";"2000-04-30";"2000-05-27"
1577;67;"CB";"1999-05-31";"1999-06-18"
1578;67;"CHQ";"2000-05-31";"2000-06-21"
1579;67;"CHQ";"1999-06-30";"1999-07-30"
1580;67;"CB";"2000-06-30";"2000-07-11"
1581;67;"CHQ";"1999-07-31";"1999-08-21"
1582;67;"CHQ";"2000-07-31";"2000-08-21"
1583;67;"CHQ";"1999-08-31";"1999-09-21"
1584;67;"CHQ";"2000-08-31";"2000-09-21"
1585;67;"CB";"1999-09-30";"1999-10-23"
1586;67;"CHQ";"2000-09-30";"2000-10-27"
1587;67;"CB";"2000-10-31";"2000-11-21"
1588;67;"CHQ";"1999-11-30";"1999-12-21"
1589;67;"CHQ";"2000-11-30";"2000-12-30"
1590;67;"CB";"1999-12-31";"2000-01-11"
1591;67;"CHQ";"2000-12-31";"2001-01-30"
1592;68;"CHQ";"1999-01-31";"1999-03-02"
1593;68;"CHQ";"2000-01-31";"2000-03-01"
1594;68;"CHQ";"1999-02-28";"1999-03-30"
1595;68;"CB";"2000-02-29";"2000-03-23"
1596;68;"CHQ";"1999-03-31";"1999-04-27"
1597;68;"CB";"2000-03-31";"2000-04-30"
1598;68;"CHQ";"1999-04-30";"1999-05-30"
1599;68;"CHQ";"2000-04-30";"2000-05-30"
1600;68;"CB";"1999-05-31";"1999-06-11"
1601;68;"CB";"2000-05-31";"2000-06-11"
1602;68;"CHQ";"1999-06-30";"1999-07-11"
1603;68;"CHQ";"2000-06-30";"2000-07-11"
1604;68;"CHQ";"1999-07-31";"1999-08-11"
1605;68;"CB";"2000-07-31";"2000-08-11"
1606;68;"CB";"1999-08-31";"1999-09-11"
1607;68;"CB";"2000-08-31";"2000-09-11"
1608;68;"CB";"1999-09-30";"1999-10-11"
1609;68;"CB";"2000-09-30";"2000-10-11"
1610;68;"CB";"1999-10-31";"1999-11-11"
1611;68;"CB";"2000-10-31";"2000-11-14"
1612;68;"CHQ";"1999-11-30";"1999-12-15"
1613;68;"CHQ";"2000-11-30";"2000-12-12"
1614;68;"CHQ";"1999-12-31";"2000-01-14"
1615;68;"CB";"2000-12-31";"2001-01-23"
1616;69;"CB";"1999-01-31";"1999-02-27"
1617;69;"CHQ";"2000-01-31";"2000-02-18"
1618;69;"CHQ";"2001-01-31";"2001-02-21"
1619;69;"CHQ";"1999-02-28";"1999-03-30"
1620;69;"CB";"2000-02-29";"2000-03-11"
1621;69;"CB";"1999-03-31";"1999-04-14"
1622;69;"CHQ";"2000-03-31";"2000-04-15"
1623;69;"CHQ";"1999-04-30";"1999-05-12"
1624;69;"CHQ";"2000-04-30";"2000-05-10"
1625;69;"CB";"1999-05-31";"1999-06-23"
1626;69;"CB";"2000-05-31";"2000-06-27"
1627;69;"CHQ";"1999-06-30";"1999-07-18"
1628;69;"CHQ";"2000-06-30";"2000-07-21"
1629;69;"CHQ";"1999-07-31";"1999-08-30"
1630;69;"CB";"2000-07-31";"2000-08-11"
1631;69;"CB";"1999-08-31";"1999-09-14"
1632;69;"CHQ";"2000-08-31";"2000-09-15"
1633;69;"CHQ";"1999-09-30";"1999-10-12"
1634;69;"CHQ";"2000-09-30";"2000-10-14"
1635;69;"CB";"1999-10-31";"1999-11-23"
1636;69;"CB";"2000-10-31";"2000-11-27"
1637;69;"CHQ";"1999-11-30";"1999-12-18"
1638;69;"CHQ";"2000-11-30";"2000-12-21"
1639;69;"CHQ";"1999-12-31";"2000-01-30"
1640;69;"CB";"2000-12-31";"2001-01-11"
1641;70;"CB";"1999-01-31";"1999-02-14"
1642;70;"CHQ";"2000-01-31";"2000-02-15"
1643;70;"CHQ";"1999-02-28";"1999-03-12"
1644;70;"CHQ";"2000-02-29";"2000-03-14"
1645;70;"CB";"1999-03-31";"1999-04-23"
1646;70;"CB";"2000-03-31";"2000-04-27"
1647;70;"CB";"1999-04-30";"1999-05-18"
1648;70;"CB";"2000-04-30";"2000-05-21"
1649;70;"CB";"1999-05-31";"1999-06-30"
1650;70;"CB";"2000-05-31";"2000-06-11"
1651;70;"CB";"1999-06-30";"1999-07-14"
1652;70;"CHQ";"2000-06-30";"2000-07-15"
1653;70;"CHQ";"1999-07-31";"1999-08-12"
1654;70;"CHQ";"2000-07-31";"2000-08-14"
1655;70;"CB";"1999-08-31";"1999-09-23"
1656;70;"CB";"2000-08-31";"2000-09-27"
1657;70;"CHQ";"1999-09-30";"1999-10-18"
1658;70;"CHQ";"2000-09-30";"2000-10-21"
1659;70;"CHQ";"1999-10-31";"1999-11-30"
1660;70;"CB";"2000-10-31";"2000-11-11"
1661;70;"CB";"1999-11-30";"1999-12-14"
1662;70;"CHQ";"2000-11-30";"2000-12-15"
1663;70;"CHQ";"1999-12-31";"2000-01-12"
1664;70;"CHQ";"2000-12-31";"2001-01-14"
1665;71;"CB";"1999-01-31";"1999-02-23"
1666;71;"CB";"2000-01-31";"2000-02-27"
1667;71;"CHQ";"1999-02-28";"1999-03-18"
1668;71;"CHQ";"2000-02-29";"2000-03-21"
1669;71;"CHQ";"1999-03-31";"1999-04-30"
1670;71;"CB";"2000-03-31";"2000-04-11"
1671;71;"CHQ";"1999-04-30";"1999-05-18"
1672;71;"CHQ";"2000-04-30";"2000-05-18"
1673;71;"CHQ";"1999-05-31";"1999-06-18"
1674;71;"CHQ";"2000-05-31";"2000-06-18"
1675;71;"CB";"1999-06-30";"1999-07-23"
1676;71;"CHQ";"2000-06-30";"2000-07-27"
1677;71;"CHQ";"1999-07-31";"1999-08-18"
1678;71;"CHQ";"2000-07-31";"2000-08-21"
1679;71;"CHQ";"1999-08-31";"1999-09-30"
1680;71;"CB";"2000-08-31";"2000-09-11"
1681;71;"CHQ";"1999-09-30";"1999-10-21"
1682;71;"CHQ";"2000-09-30";"2000-10-21"
1683;71;"";"1999-10-31";"0000-00-00"
1684;71;"CHQ";"2000-10-31";"2000-11-21"
1685;71;"CB";"1999-11-30";"1999-12-23"
1686;71;"CHQ";"2000-11-30";"2000-12-27"
1687;71;"CHQ";"1999-12-31";"2000-01-21"
1688;71;"CHQ";"2000-12-31";"2001-01-21"
1689;72;"CHQ";"1999-01-31";"1999-03-02"
1690;72;"CB";"2000-01-31";"2000-02-11"
1691;72;"CHQ";"1999-02-28";"1999-03-30"
1692;72;"CHQ";"2000-02-29";"2000-03-30"
1693;72;"CHQ";"1999-03-31";"1999-04-30"
1694;72;"CHQ";"2000-03-31";"2000-04-30"
1695;72;"CB";"1999-04-30";"1999-05-23"
1696;72;"CHQ";"2000-04-30";"2000-05-27"
1697;72;"CHQ";"1999-05-31";"1999-06-30"
1698;72;"CHQ";"2000-05-31";"2000-06-30"
1699;72;"CHQ";"2000-06-30";"2000-07-30"
1700;72;"CHQ";"1999-07-31";"1999-08-11"
1701;72;"CHQ";"2000-07-31";"2000-08-11"
1702;72;"CHQ";"1999-08-31";"1999-09-11"
1703;72;"CHQ";"2000-08-31";"2000-09-11"
1704;72;"CHQ";"1999-09-30";"1999-10-11"
1705;72;"CB";"2000-09-30";"2000-10-11"
1706;72;"CB";"1999-10-31";"1999-11-11"
1707;72;"CHQ";"2000-10-31";"2000-11-11"
1708;72;"CHQ";"1999-11-30";"1999-12-11"
1709;72;"CHQ";"2000-11-30";"2000-12-11"
1710;72;"CHQ";"1999-12-31";"2000-01-11"
1711;72;"CHQ";"2000-12-31";"2001-01-18"
1712;73;"CHQ";"1999-01-31";"1999-02-18"
1713;73;"CHQ";"2000-01-31";"2000-02-18"
1714;73;"CHQ";"1999-02-28";"1999-03-18"
1715;73;"CB";"2000-02-29";"2000-03-23"
1716;73;"CHQ";"1999-03-31";"1999-04-27"
1717;73;"CHQ";"2000-03-31";"2000-04-18"
1718;73;"CHQ";"1999-04-30";"1999-05-21"
1719;73;"CHQ";"2000-04-30";"2000-05-30"
1720;73;"CHQ";"1999-05-31";"1999-06-11"
1721;73;"CHQ";"2000-05-31";"2000-06-18"
1722;73;"CHQ";"1999-06-30";"1999-07-18"
1723;73;"CHQ";"2000-06-30";"2000-07-18"
1724;73;"CHQ";"1999-07-31";"1999-08-18"
1725;73;"CB";"2000-07-31";"2000-08-23"
1726;73;"CHQ";"1999-08-31";"1999-09-27"
1727;73;"CHQ";"2000-08-31";"2000-09-18"
1728;73;"CHQ";"1999-09-30";"1999-10-21"
1729;73;"CHQ";"2000-09-30";"2000-10-30"
1730;73;"CHQ";"2000-10-31";"2000-11-11"
1731;73;"CHQ";"1999-11-30";"1999-12-18"
1732;73;"CHQ";"2000-11-30";"2000-12-18"
1733;73;"CHQ";"1999-12-31";"2000-01-18"
1734;73;"CHQ";"2000-12-31";"2001-01-18"
1735;74;"CB";"1999-01-31";"1999-02-23"
1736;74;"CHQ";"2000-01-31";"2000-02-27"
1737;74;"CHQ";"1999-02-28";"1999-03-18"
1738;74;"CHQ";"2000-02-29";"2000-03-21"
1739;74;"CHQ";"1999-03-31";"1999-04-30"
1740;74;"CHQ";"2000-03-31";"2000-04-11"
1741;74;"CHQ";"1999-04-30";"1999-05-18"
1742;74;"CHQ";"2000-04-30";"2000-05-18"
1743;74;"CHQ";"1999-05-31";"1999-06-18"
1744;74;"CHQ";"2000-05-31";"2000-06-18"
1745;74;"CB";"1999-06-30";"1999-07-23"
1746;74;"CHQ";"2000-06-30";"2000-07-27"
1747;74;"CHQ";"1999-07-31";"1999-08-18"
1748;74;"CHQ";"2000-07-31";"2000-08-21"
1749;74;"CHQ";"1999-08-31";"1999-09-30"
1750;74;"CB";"2000-08-31";"2000-09-11"
1751;74;"CHQ";"1999-09-30";"1999-10-18"
1752;74;"CHQ";"2000-09-30";"2000-10-18"
1753;74;"CHQ";"1999-10-31";"1999-11-18"
1754;74;"CHQ";"2000-10-31";"2000-11-18"
1755;74;"CB";"1999-11-30";"1999-12-23"
1756;74;"CHQ";"2000-11-30";"2000-12-27"
1757;74;"CHQ";"1999-12-31";"2000-01-18"
1758;74;"CHQ";"2000-12-31";"2001-01-21"
1759;75;"CHQ";"1999-01-31";"1999-03-02"
1760;75;"CB";"2000-01-31";"2000-02-11"
1761;75;"CHQ";"1999-02-28";"1999-03-18"
1762;75;"CHQ";"2000-02-29";"2000-03-18"
1763;75;"CHQ";"1999-03-31";"1999-04-18"
1764;75;"CHQ";"2000-03-31";"2000-04-18"
1765;75;"CB";"1999-04-30";"1999-05-23"
1766;75;"CHQ";"2000-04-30";"2000-05-27"
1767;75;"CHQ";"1999-05-31";"1999-06-18"
1768;75;"CHQ";"2000-05-31";"2000-06-21"
1769;75;"CHQ";"1999-06-30";"1999-07-30"
1770;75;"CHQ";"2000-06-30";"2000-07-11"
1771;75;"CHQ";"1999-07-31";"1999-08-18"
1772;75;"CHQ";"2000-07-31";"2000-08-18"
1773;75;"CHQ";"1999-08-31";"1999-09-18"
1774;75;"CHQ";"2000-08-31";"2000-09-18"
1775;75;"CB";"1999-09-30";"1999-10-23"
1776;75;"CHQ";"2000-09-30";"2000-10-27"
1777;75;"CHQ";"1999-10-31";"1999-11-18"
1778;75;"CHQ";"2000-10-31";"2000-11-21"
1779;75;"CHQ";"1999-11-30";"1999-12-30"
1780;75;"CHQ";"2000-11-30";"2000-12-11"
1781;75;"CHQ";"1999-12-31";"2000-01-21"
1782;75;"CHQ";"2000-12-31";"2001-01-21"
1783;76;"CHQ";"1999-01-31";"1999-02-21"
1784;76;"CHQ";"2000-01-31";"2000-02-21"
1785;76;"CB";"1999-02-28";"1999-03-23"
1786;76;"CHQ";"2000-02-29";"2000-03-27"
1787;76;"CHQ";"2000-03-31";"2000-04-21"
1788;76;"CHQ";"1999-04-30";"1999-05-21"
1789;76;"CHQ";"2000-04-30";"2000-05-30"
1790;76;"CHQ";"2000-05-31";"2000-06-11"
1791;76;"CHQ";"1999-06-30";"1999-07-30"
1792;76;"CHQ";"2000-06-30";"2000-07-30"
1793;76;"CHQ";"1999-07-31";"1999-08-30"
1794;76;"CHQ";"2000-07-31";"2000-08-30"
1795;76;"CB";"1999-08-31";"1999-09-23"
1796;76;"CHQ";"2000-08-31";"2000-09-27"
1797;76;"CHQ";"1999-09-30";"1999-10-30"
1798;76;"CHQ";"2000-09-30";"2000-10-30"
1799;76;"CHQ";"1999-10-31";"1999-11-30"
1800;76;"ESP";"2000-10-31";"2000-11-11"
1801;76;"ESP";"1999-11-30";"1999-12-11"
1802;76;"CHQ";"2000-11-30";"2000-12-11"
1803;76;"CHQ";"1999-12-31";"2000-01-11"
1804;76;"CHQ";"2000-12-31";"2001-01-11"
1805;77;"CB";"1999-01-31";"1999-02-11"
1806;77;"CB";"2000-01-31";"2000-02-11"
1807;77;"CHQ";"1999-02-28";"1999-03-11"
1808;77;"ESP";"2000-02-29";"2000-03-11"
1809;77;"ESP";"1999-03-31";"1999-04-11"
1810;77;"ESP";"2000-03-31";"2000-04-11"
1811;77;"CHQ";"1999-04-30";"1999-05-21"
1812;77;"CHQ";"2000-04-30";"2000-05-21"
1813;77;"CHQ";"1999-05-31";"1999-06-21"
1814;77;"CHQ";"2000-05-31";"2000-06-21"
1815;77;"CB";"1999-06-30";"1999-07-23"
1816;77;"CHQ";"2000-06-30";"2000-07-27"
1817;77;"CHQ";"1999-07-31";"1999-08-21"
1818;77;"CHQ";"2000-07-31";"2000-08-21"
1819;77;"CHQ";"1999-08-31";"1999-09-30"
1820;77;"ESP";"2000-08-31";"2000-09-11"
1821;77;"CHQ";"1999-09-30";"1999-10-21"
1822;77;"CHQ";"2000-09-30";"2000-10-21"
1823;77;"CHQ";"1999-10-31";"1999-11-21"
1824;77;"CHQ";"2000-10-31";"2000-11-21"
1825;77;"CB";"1999-11-30";"1999-12-23"
1826;77;"CHQ";"2000-11-30";"2000-12-27"
1827;77;"CHQ";"1999-12-31";"2000-01-21"
1828;77;"CHQ";"2000-12-31";"2001-01-21"
1829;78;"CHQ";"1999-01-31";"1999-03-02"
1830;78;"ESP";"2000-01-31";"2000-02-11"
1831;78;"CHQ";"1999-02-28";"1999-03-21"
1832;78;"CHQ";"2000-02-29";"2000-03-21"
1833;78;"CHQ";"1999-03-31";"1999-04-21"
1834;78;"CHQ";"2000-03-31";"2000-04-21"
1835;78;"CB";"1999-04-30";"1999-05-23"
1836;78;"CHQ";"2000-04-30";"2000-05-27"
1837;78;"CHQ";"1999-05-31";"1999-06-21"
1838;78;"CHQ";"2000-05-31";"2000-06-21"
1839;78;"CHQ";"1999-06-30";"1999-07-30"
1840;78;"ESP";"2000-06-30";"2000-07-11"
1841;78;"CHQ";"1999-07-31";"1999-08-21"
1842;78;"CHQ";"2000-07-31";"2000-08-21"
1843;78;"CHQ";"1999-08-31";"1999-09-21"
1844;78;"CHQ";"2000-08-31";"2000-09-21"
1845;78;"CB";"1999-09-30";"1999-10-23"
1846;78;"CHQ";"2000-09-30";"2000-10-27"
1847;78;"CHQ";"1999-10-31";"1999-11-21"
1848;78;"CHQ";"2000-10-31";"2000-11-21"
1849;78;"CHQ";"1999-11-30";"1999-12-30"
1850;78;"CB";"2000-11-30";"2000-12-11"
1851;78;"CHQ";"1999-12-31";"2000-01-21"
1852;78;"CHQ";"2000-12-31";"2001-01-21"
1853;79;"CHQ";"1999-01-31";"1999-02-21"
1854;79;"CHQ";"2000-01-31";"2000-02-21"
1855;79;"CB";"1999-02-28";"1999-03-23"
1856;79;"CHQ";"2000-02-29";"2000-03-27"
1857;79;"CHQ";"1999-03-31";"1999-04-21"
1858;79;"CHQ";"2000-03-31";"2000-04-21"
1859;79;"CHQ";"1999-04-30";"1999-05-30"
1860;79;"CB";"2000-04-30";"2000-05-11"
1861;79;"CHQ";"1999-05-31";"1999-06-21"
1862;79;"CHQ";"2000-05-31";"2000-06-21"
1863;79;"CHQ";"1999-06-30";"1999-07-21"
1864;79;"CHQ";"2000-06-30";"2000-07-21"
1865;79;"CB";"1999-07-31";"1999-08-23"
1866;79;"CHQ";"2000-07-31";"2000-08-27"
1867;79;"CHQ";"1999-08-31";"1999-09-21"
1868;79;"CHQ";"2000-08-31";"2000-09-21"
1869;79;"CHQ";"1999-09-30";"1999-10-30"
1870;79;"CHQ";"2000-09-30";"2000-10-11"
1871;79;"CHQ";"1999-10-31";"1999-11-21"
1872;79;"CHQ";"2000-10-31";"2000-11-21"
1873;79;"CHQ";"1999-11-30";"1999-12-21"
1874;79;"CHQ";"1999-12-31";"2000-01-21"
1875;79;"CB";"2000-12-31";"2001-01-23"
1876;80;"CHQ";"1999-01-31";"1999-02-27"
1877;80;"CHQ";"2000-01-31";"2000-02-21"
1878;80;"CHQ";"1999-02-28";"1999-03-21"
1879;80;"CHQ";"2000-02-29";"2000-03-30"
1880;80;"ESP";"1999-03-31";"1999-04-11"
1881;80;"CHQ";"2000-03-31";"2000-04-21"
1882;80;"CHQ";"1999-04-30";"1999-05-21"
1883;80;"CHQ";"2000-04-30";"2000-05-21"
1884;80;"CHQ";"1999-05-31";"1999-06-21"
1885;80;"CB";"2000-05-31";"2000-06-23"
1886;80;"CHQ";"1999-06-30";"1999-07-27"
1887;80;"CHQ";"2000-06-30";"2000-07-21"
1888;80;"CHQ";"1999-07-31";"1999-08-21"
1889;80;"CHQ";"2000-07-31";"2000-08-30"
1890;80;"ESP";"1999-08-31";"1999-09-11"
1891;80;"CHQ";"2000-08-31";"2000-09-30"
1892;80;"CHQ";"1999-09-30";"1999-10-30"
1893;80;"CHQ";"2000-09-30";"2000-10-30"
1894;80;"CHQ";"1999-10-31";"1999-11-30"
1895;80;"CB";"2000-10-31";"2000-11-23"
1896;80;"CHQ";"1999-11-30";"1999-12-27"
1897;80;"CHQ";"2000-11-30";"2000-12-30"
1898;80;"CHQ";"1999-12-31";"2000-01-30"
1899;80;"CHQ";"2000-12-31";"2001-01-30"
1900;81;"ESP";"1999-01-31";"1999-02-11"
1901;81;"ESP";"2000-01-31";"2000-02-11"
1902;81;"CHQ";"2001-01-31";"2001-02-11"
1903;81;"CHQ";"1999-02-28";"1999-03-11"
1904;81;"CHQ";"2000-02-29";"2000-03-11"
1905;81;"CB";"1999-03-31";"1999-04-11"
1906;81;"CB";"2000-03-31";"2000-04-11"
1907;81;"CHQ";"1999-04-30";"1999-05-11"
1908;81;"ESP";"2000-04-30";"2000-05-11"
1909;81;"ESP";"1999-05-31";"1999-06-11"
1910;81;"ESP";"2000-05-31";"2000-06-11"
1911;81;"CHQ";"1999-06-30";"1999-07-30"
1912;81;"CHQ";"2000-06-30";"2000-07-30"
1913;81;"CHQ";"1999-07-31";"1999-08-30"
1914;81;"CHQ";"2000-07-31";"2000-08-30"
1915;81;"CB";"1999-08-31";"1999-09-23"
1916;81;"CHQ";"2000-08-31";"2000-09-27"
1917;81;"CHQ";"1999-09-30";"1999-10-30"
1918;81;"CHQ";"2000-09-30";"2000-10-30"
1919;81;"CHQ";"1999-10-31";"1999-11-30"
1920;81;"ESP";"1999-11-30";"1999-12-11"
1921;81;"CHQ";"2000-11-30";"2000-12-30"
1922;81;"CHQ";"1999-12-31";"2000-01-30"
1923;81;"CHQ";"2000-12-31";"2001-01-30"
1924;82;"CHQ";"1999-01-31";"1999-03-02"
1925;82;"CB";"2000-01-31";"2000-02-23"
1926;82;"CHQ";"1999-02-28";"1999-03-27"
1927;82;"CHQ";"2000-02-29";"2000-03-30"
1928;82;"CHQ";"1999-03-31";"1999-04-30"
1929;82;"CHQ";"2000-03-31";"2000-04-30"
1930;82;"ESP";"1999-04-30";"1999-05-11"
1931;82;"CHQ";"2000-04-30";"2000-05-30"
1932;82;"CHQ";"1999-05-31";"1999-06-30"
1933;82;"CHQ";"1999-06-30";"1999-07-30"
1934;82;"CHQ";"2000-06-30";"2000-07-30"
1935;82;"CB";"1999-07-31";"1999-08-23"
1936;82;"CHQ";"2000-07-31";"2000-08-27"
1937;82;"CHQ";"1999-08-31";"1999-09-30"
1938;82;"CHQ";"2000-08-31";"2000-09-30"
1939;82;"CHQ";"1999-09-30";"1999-10-30"
1940;82;"ESP";"2000-09-30";"2000-10-11"
1941;82;"CHQ";"1999-10-31";"1999-11-30"
1942;82;"CHQ";"2000-10-31";"2000-11-30"
1943;82;"CHQ";"1999-11-30";"1999-12-30"
1944;82;"CHQ";"2000-11-30";"2000-12-30"
1945;82;"CB";"1999-12-31";"2000-01-23"
1946;82;"CHQ";"2000-12-31";"2001-01-27"
1947;83;"CHQ";"1999-01-31";"1999-03-02"
1948;83;"CHQ";"2000-01-31";"2000-03-01"
1949;83;"CHQ";"1999-02-28";"1999-03-30"
1950;83;"CB";"2000-02-29";"2000-03-11"
1951;83;"CHQ";"1999-03-31";"1999-04-30"
1952;83;"CHQ";"2000-03-31";"2000-04-30"
1953;83;"CHQ";"1999-04-30";"1999-05-30"
1954;83;"CHQ";"2000-04-30";"2000-05-30"
1955;83;"CB";"1999-05-31";"1999-06-23"
1956;83;"CHQ";"2000-05-31";"2000-06-27"
1957;83;"CHQ";"1999-06-30";"1999-07-30"
1958;83;"CHQ";"2000-06-30";"2000-07-30"
1959;83;"CHQ";"1999-07-31";"1999-08-30"
1960;83;"CB";"2000-07-31";"2000-08-11"
1961;83;"CHQ";"1999-08-31";"1999-09-30"
1962;83;"CHQ";"2000-08-31";"2000-09-30"
1963;83;"CHQ";"1999-09-30";"1999-10-30"
1964;83;"CHQ";"2000-09-30";"2000-10-30"
1965;83;"CB";"1999-10-31";"1999-11-23"
1966;83;"CHQ";"2000-10-31";"2000-11-27"
1967;83;"CHQ";"1999-11-30";"1999-12-30"
1968;83;"CHQ";"2000-11-30";"2000-12-30"
1969;83;"CHQ";"1999-12-31";"2000-01-30"
1970;83;"CHQ";"2000-12-31";"2001-01-11"
1971;84;"CHQ";"1999-01-31";"1999-03-02"
1972;84;"CHQ";"2000-01-31";"2000-03-01"
1973;84;"CHQ";"1999-02-28";"1999-03-30"
1974;84;"CHQ";"2000-02-29";"2000-03-30"
1975;84;"CB";"1999-03-31";"1999-04-23"
1976;84;"CHQ";"2000-03-31";"2000-04-27"
1977;84;"CHQ";"1999-04-30";"1999-05-30"
1978;84;"CHQ";"2000-04-30";"2000-05-30"
1979;84;"CHQ";"1999-05-31";"1999-06-30"
1980;84;"ESP";"2000-05-31";"2000-06-11"
1981;84;"CHQ";"1999-06-30";"1999-07-30"
1982;84;"CHQ";"2000-06-30";"2000-07-30"
1983;84;"CHQ";"1999-07-31";"1999-08-30"
1984;84;"CHQ";"2000-07-31";"2000-08-30"
1985;84;"CB";"2000-08-31";"2000-09-23"
1986;84;"CHQ";"1999-09-30";"1999-10-27"
1987;84;"CHQ";"2000-09-30";"2000-10-30"
1988;84;"CHQ";"1999-10-31";"1999-11-30"
1989;84;"CHQ";"2000-10-31";"2000-11-30"
1990;84;"ESP";"1999-11-30";"1999-12-11"
1991;84;"CHQ";"2000-11-30";"2000-12-30"
1992;84;"CHQ";"1999-12-31";"2000-01-30"
1993;84;"CHQ";"2000-12-31";"2001-01-30"
1994;85;"CHQ";"1999-01-31";"1999-03-02"
1995;85;"CB";"2000-01-31";"2000-02-23"
1996;85;"CHQ";"1999-02-28";"1999-03-27"
1997;85;"CHQ";"2000-02-29";"2000-03-30"
1998;85;"CHQ";"1999-03-31";"1999-04-30"
1999;85;"CHQ";"1999-04-30";"1999-05-30"
2000;85;"ESP";"2000-04-30";"2000-05-11"
2001;85;"ESP";"1999-05-31";"1999-06-11"
2002;85;"ESP";"2000-05-31";"2000-06-11"
2003;85;"CHQ";"1999-06-30";"1999-07-11"
2004;85;"CHQ";"2000-06-30";"2000-07-11"
2005;85;"CB";"1999-07-31";"1999-08-11"
2006;85;"CB";"2000-07-31";"2000-08-11"
2007;85;"CHQ";"1999-08-31";"1999-09-11"
2008;85;"ESP";"2000-08-31";"2000-09-11"
2009;85;"ESP";"1999-09-30";"1999-10-11"
2010;85;"ESP";"2000-09-30";"2000-10-11"
2011;85;"";"1999-10-31";"0000-00-00"
2012;85;"";"2000-10-31";"0000-00-00"
2013;85;"CHQ";"1999-11-30";"1999-12-11"
2014;85;"CHQ";"2000-11-30";"2000-12-11"
2015;85;"CB";"1999-12-31";"2000-01-11"
2016;85;"CB";"2000-12-31";"2001-01-11"
2017;86;"CHQ";"1999-01-31";"1999-02-11"
2018;86;"ESP";"2000-01-31";"2000-02-11"
2019;86;"ESP";"2001-01-31";"2001-02-11"
2020;86;"ESP";"1999-02-28";"1999-03-11"
2021;86;"ESP";"2000-02-29";"2000-03-11"
2022;86;"ESP";"1999-03-31";"1999-03-13"
2023;86;"CHQ";"2000-03-31";"2000-04-11"
2024;86;"CHQ";"1999-04-30";"1999-03-18"
2025;86;"CB";"2000-04-30";"2000-05-11"
2026;86;"CB";"1999-05-31";"1999-06-11"
2027;86;"CHQ";"2000-05-31";"2000-06-11"
2028;86;"ESP";"1999-06-30";"1999-07-11"
2029;86;"ESP";"2000-06-30";"2000-07-11"
2030;86;"ESP";"1999-07-31";"1999-08-11"
2031;86;"ESP";"2000-07-31";"2000-08-11"
2032;86;"ESP";"1999-08-31";"1999-09-11"
2033;86;"CHQ";"2000-08-31";"2000-09-11"
2034;86;"CHQ";"2000-09-30";"2000-10-11"
2035;86;"CB";"1999-10-31";"1999-11-11"
2036;86;"CB";"2000-10-31";"2000-11-11"
2037;86;"CHQ";"1999-11-30";"1999-12-11"
2038;86;"ESP";"2000-11-30";"2000-12-11"
2039;86;"ESP";"1999-12-31";"2000-01-11"
2040;86;"ESP";"2000-12-31";"2001-01-11"
2041;87;"ESP";"1999-01-31";"1999-02-11"
2042;87;"ESP";"2000-01-31";"2000-02-11"
2043;87;"CHQ";"1999-02-28";"1999-03-11"
2044;87;"CHQ";"2000-02-29";"2000-03-11"
2045;87;"CB";"1999-03-31";"1999-04-11"
2046;87;"CB";"2000-03-31";"2000-04-11"
2047;87;"CHQ";"1999-04-30";"1999-05-11"
2048;87;"ESP";"2000-04-30";"2000-05-11"
2049;87;"ESP";"1999-05-31";"1999-06-11"
2050;87;"CB";"2000-05-31";"2000-06-11"
2051;87;"CB";"2000-06-30";"2000-07-11"
2052;87;"CB";"1999-07-31";"1999-08-11"
2053;87;"CHQ";"2000-07-31";"2000-08-11"
2054;87;"CHQ";"1999-08-31";"1999-09-11"
2055;87;"CB";"2000-08-31";"2000-09-11"
2056;87;"CB";"1999-09-30";"1999-10-11"
2057;87;"CB";"2000-09-30";"2000-10-11"
2058;87;"CB";"1999-10-31";"1999-11-11"
2059;87;"CB";"2000-10-31";"2000-11-11"
2060;87;"CB";"1999-11-30";"1999-12-11"
2061;87;"CB";"2000-11-30";"2000-12-11"
2062;87;"CB";"1999-12-31";"2000-01-11"
2063;87;"CHQ";"2000-12-31";"2001-01-11"
2064;88;"CHQ";"1999-01-31";"1999-02-11"
2065;88;"CB";"2000-01-31";"2000-02-11"
2066;88;"CB";"1999-02-28";"1999-03-11"
2067;88;"CB";"2000-02-29";"2000-03-11"
2068;88;"CB";"1999-03-31";"1999-04-11"
2069;88;"CB";"2000-03-31";"2000-04-11"
2070;88;"CHQ";"1999-04-30";"1999-05-11"
2071;88;"CHQ";"2000-04-30";"2000-05-11"
2072;88;"CHQ";"1999-05-31";"1999-06-11"
2073;88;"CHQ";"2000-05-31";"2000-06-11"
2074;88;"CHQ";"1999-06-30";"1999-07-11"
2075;88;"CB";"2000-06-30";"2000-07-11"
2076;88;"CB";"1999-07-31";"1999-08-11"
2077;88;"CHQ";"2000-07-31";"2000-08-11"
2078;88;"CHQ";"1999-08-31";"1999-09-11"
2079;88;"CHQ";"2000-08-31";"2000-09-11"
2080;88;"ESP";"1999-09-30";"1999-10-11"
2081;88;"ESP";"2000-09-30";"2000-10-11"
2082;88;"ESP";"1999-10-31";"1999-11-11"
2083;88;"CHQ";"2000-10-31";"2000-11-11"
2084;88;"CHQ";"1999-11-30";"1999-12-11"
2085;88;"CB";"2000-11-30";"2000-12-11"
2086;88;"CB";"1999-12-31";"2000-01-11"
2087;88;"CHQ";"2000-12-31";"2001-01-11"
2088;89;"ESP";"1999-01-31";"1999-02-11"
2089;89;"ESP";"2000-01-31";"2000-02-11"
2090;89;"ESP";"1999-02-28";"1999-03-11"
2091;89;"ESP";"2000-02-29";"2000-03-11"
2092;89;"ESP";"1999-03-31";"1999-04-11"
2093;89;"CHQ";"2000-03-31";"2000-04-11"
2094;89;"CHQ";"1999-04-30";"1999-05-11"
2095;89;"CB";"2000-04-30";"2000-05-11"
2096;89;"CB";"1999-05-31";"1999-06-11"
2097;89;"CHQ";"2000-05-31";"2000-06-11"
2098;89;"ESP";"1999-06-30";"1999-07-11"
2099;89;"ESP";"2000-06-30";"2000-07-11"
2100;89;"ESP";"1999-07-31";"1999-08-11"
2101;89;"ESP";"2000-07-31";"2000-08-11"
2102;89;"CHQ";"1999-08-31";"1999-09-11"
2103;89;"CHQ";"2000-08-31";"2000-09-11"
2104;89;"CHQ";"1999-09-30";"1999-10-11"
2105;89;"CB";"2000-09-30";"2000-10-11"
2106;89;"CB";"1999-10-31";"1999-11-11"
2107;89;"CHQ";"2000-10-31";"2000-11-11"
2108;89;"ESP";"1999-11-30";"1999-12-11"
2109;89;"ESP";"2000-11-30";"2000-12-11"
2110;89;"ESP";"1999-12-31";"2000-01-11"
2111;89;"CB";"2000-12-31";"2001-01-14"
2112;90;"CHQ";"1999-01-31";"1999-02-15"
2113;90;"CHQ";"2000-01-31";"2000-02-12"
2114;90;"CHQ";"1999-02-28";"1999-03-14"
2115;90;"CB";"2000-02-29";"2000-03-23"
2116;90;"CB";"1999-03-31";"1999-04-27"
2117;90;"CHQ";"2000-03-31";"2000-04-18"
2118;90;"CHQ";"1999-04-30";"1999-05-21"
2119;90;"CHQ";"2000-04-30";"2000-05-30"
2120;90;"ESP";"1999-05-31";"1999-06-11"
2121;90;"CB";"2000-05-31";"2000-06-14"
2122;90;"CHQ";"1999-06-30";"1999-07-15"
2123;90;"CHQ";"2000-06-30";"2000-07-12"
2124;90;"CHQ";"1999-07-31";"1999-08-10"
2125;90;"CB";"2000-07-31";"2000-08-23"
2126;90;"CB";"1999-08-31";"1999-09-27"
2127;90;"CHQ";"2000-08-31";"2000-09-18"
2128;90;"CHQ";"1999-09-30";"1999-10-21"
2129;90;"CHQ";"2000-09-30";"2000-10-30"
2130;90;"ESP";"1999-10-31";"1999-11-11"
2131;90;"CB";"2000-10-31";"2000-11-14"
2132;90;"CHQ";"1999-11-30";"1999-12-15"
2133;90;"CHQ";"2000-11-30";"2000-12-12"
2134;90;"CHQ";"1999-12-31";"2000-01-14"
2135;91;"CB";"1999-01-31";"1999-02-23"
2136;91;"CB";"2000-01-31";"2000-02-27"
2137;91;"CHQ";"1999-02-28";"1999-03-18"
2138;91;"CHQ";"2000-02-29";"2000-03-21"
2139;91;"CHQ";"1999-03-31";"1999-04-30"
2140;91;"ESP";"2000-03-31";"2000-04-11"
2141;91;"CB";"1999-04-30";"1999-05-14"
2142;91;"CHQ";"2000-04-30";"2000-05-15"
2143;91;"CHQ";"1999-05-31";"1999-06-12"
2144;91;"CHQ";"2000-05-31";"2000-06-14"
2145;91;"CB";"1999-06-30";"1999-07-23"
2146;91;"CB";"2000-06-30";"2000-07-27"
2147;91;"CHQ";"1999-07-31";"1999-08-18"
2148;91;"CHQ";"2000-07-31";"2000-08-21"
2149;91;"CHQ";"1999-08-31";"1999-09-30"
2150;91;"CB";"2000-08-31";"2000-09-11"
2151;91;"CB";"1999-09-30";"1999-10-14"
2152;91;"CHQ";"2000-09-30";"2000-10-15"
2153;91;"CHQ";"1999-10-31";"1999-11-12"
2154;91;"CHQ";"2000-10-31";"2000-11-14"
2155;91;"CB";"1999-11-30";"1999-12-23"
2156;91;"CB";"2000-11-30";"2000-12-27"
2157;91;"CHQ";"1999-12-31";"2000-01-18"
2158;91;"CHQ";"2000-12-31";"2001-01-21"
2159;92;"CHQ";"1999-01-31";"1999-03-02"
2160;92;"CB";"2000-01-31";"2000-02-11"
2161;92;"CB";"1999-02-28";"1999-03-14"
2162;92;"CHQ";"2000-02-29";"2000-03-15"
2163;92;"CHQ";"1999-03-31";"1999-04-12"
2164;92;"CHQ";"2000-03-31";"2000-04-14"
2165;92;"CB";"1999-04-30";"1999-05-23"
2166;92;"CB";"2000-04-30";"2000-05-27"
2167;92;"CHQ";"1999-05-31";"1999-06-18"
2168;92;"CHQ";"2000-05-31";"2000-06-21"
2169;92;"CHQ";"1999-06-30";"1999-07-30"
2170;92;"CHQ";"2000-06-30";"2000-07-11"
2171;92;"CHQ";"1999-07-31";"1999-08-18"
2172;92;"CHQ";"2000-07-31";"2000-08-18"
2173;92;"CHQ";"1999-08-31";"1999-09-18"
2174;92;"CHQ";"2000-08-31";"2000-09-18"
2175;92;"CB";"1999-09-30";"1999-10-23"
2176;92;"CHQ";"2000-09-30";"2000-10-27"
2177;92;"CHQ";"1999-10-31";"1999-11-18"
2178;92;"CHQ";"2000-10-31";"2000-11-21"
2179;92;"CHQ";"1999-11-30";"1999-12-30"
2180;92;"ESP";"2000-11-30";"2000-12-11"
2181;92;"CHQ";"1999-12-31";"2000-01-21"
2182;92;"CHQ";"2000-12-31";"2001-01-21"
2183;93;"CHQ";"1999-01-31";"1999-02-21"
2184;93;"CHQ";"2000-01-31";"2000-02-21"
2185;93;"CB";"1999-02-28";"1999-03-23"
2186;93;"CHQ";"2000-02-29";"2000-03-27"
2187;93;"CHQ";"1999-03-31";"1999-04-21"
2188;93;"CHQ";"2000-03-31";"2000-04-21"
2189;93;"CHQ";"1999-04-30";"1999-05-30"
2190;93;"ESP";"2000-04-30";"2000-05-11"
2191;93;"CHQ";"1999-05-31";"1999-06-30"
2192;93;"CHQ";"2000-05-31";"2000-06-30"
2193;93;"CHQ";"1999-06-30";"1999-07-30"
2194;93;"CHQ";"2000-06-30";"2000-07-30"
2195;93;"CB";"1999-07-31";"1999-08-23"
2196;93;"CHQ";"2000-07-31";"2000-08-27"
2197;93;"CHQ";"1999-08-31";"1999-09-30"
2198;93;"CHQ";"2000-08-31";"2000-09-30"
2199;93;"CHQ";"1999-09-30";"1999-10-30"
2200;93;"ESP";"2000-09-30";"2000-10-11"
2201;93;"ESP";"1999-10-31";"1999-11-11"
2202;93;"ESP";"2000-10-31";"2000-11-11"
2203;93;"CHQ";"1999-11-30";"1999-12-11"
2204;93;"CHQ";"2000-11-30";"2000-12-11"
2205;93;"CB";"1999-12-31";"2000-01-11"
2206;93;"CB";"2000-12-31";"2001-01-11"
2207;94;"CHQ";"1999-01-31";"1999-02-11"
2208;94;"ESP";"2000-01-31";"2000-02-11"
2209;94;"ESP";"1999-02-28";"1999-03-11"
2210;94;"ESP";"2000-02-29";"2000-03-11"
2211;94;"CB";"1999-03-31";"1999-04-14"
2212;94;"CHQ";"2000-03-31";"2000-04-15"
2213;94;"CHQ";"1999-04-30";"1999-05-12"
2214;94;"CHQ";"2000-04-30";"2000-05-14"
2215;94;"CB";"1999-05-31";"1999-06-23"
2216;94;"CB";"2000-05-31";"2000-06-27"
2217;94;"CHQ";"1999-06-30";"1999-07-18"
2218;94;"CHQ";"2000-06-30";"2000-07-21"
2219;94;"CHQ";"1999-07-31";"1999-08-30"
2220;94;"ESP";"2000-07-31";"2000-08-11"
2221;94;"CB";"1999-08-31";"1999-09-14"
2222;94;"CB";"2000-08-31";"2000-09-15"
2223;94;"CHQ";"1999-09-30";"1999-10-12"
2224;94;"CHQ";"2000-09-30";"2000-10-10"
2225;94;"CB";"1999-10-31";"1999-11-23"
2226;94;"CB";"2000-10-31";"2000-11-27"
2227;94;"CHQ";"1999-11-30";"1999-12-18"
2228;94;"CHQ";"2000-11-30";"2000-12-21"
2229;94;"CHQ";"1999-12-31";"2000-01-30"
2230;94;"ESP";"2000-12-31";"2001-01-11"
2231;95;"CB";"1999-01-31";"1999-02-14"
2232;95;"CB";"2000-01-31";"2000-02-15"
2233;95;"CHQ";"1999-02-28";"1999-03-12"
2234;95;"CHQ";"2000-02-29";"2000-03-14"
2235;95;"CB";"1999-03-31";"1999-04-23"
2236;95;"CB";"2000-03-31";"2000-04-27"
2237;95;"CHQ";"1999-04-30";"1999-05-18"
2238;95;"CHQ";"2000-04-30";"2000-05-21"
2239;95;"CHQ";"1999-05-31";"1999-06-30"
2240;95;"ESP";"2000-05-31";"2000-06-11"
2241;95;"CB";"1999-06-30";"1999-07-14"
2242;95;"CB";"2000-06-30";"2000-07-15"
2243;95;"CHQ";"1999-07-31";"1999-08-12"
2244;95;"CHQ";"2000-07-31";"2000-08-14"
2245;95;"CB";"1999-08-31";"1999-09-23"
2246;95;"CB";"2000-08-31";"2000-09-27"
2247;95;"CHQ";"1999-09-30";"1999-10-18"
2248;95;"CHQ";"2000-09-30";"2000-10-21"
2249;95;"CHQ";"1999-10-31";"1999-11-30"
2250;95;"CB";"2000-10-31";"2000-11-11"
2251;95;"CB";"1999-11-30";"1999-12-14"
2252;95;"CB";"2000-11-30";"2000-12-15"
2253;95;"CHQ";"1999-12-31";"2000-01-12"
2254;95;"CHQ";"2000-12-31";"2001-01-14"
2255;96;"CB";"1999-01-31";"1999-02-23"
2256;96;"CB";"2000-01-31";"2000-02-27"
2257;96;"CHQ";"1999-02-28";"1999-03-18"
2258;96;"CHQ";"2000-02-29";"2000-03-21"
2259;96;"CHQ";"1999-03-31";"1999-04-30"
2260;96;"CB";"2000-03-31";"2000-04-11"
2261;96;"CB";"1999-04-30";"1999-05-14"
2262;96;"CB";"2000-04-30";"2000-05-15"
2263;96;"CHQ";"1999-05-31";"1999-06-12"
2264;96;"CHQ";"2000-05-31";"2000-06-14"
2265;96;"CB";"1999-06-30";"1999-07-23"
2266;96;"CB";"2000-06-30";"2000-07-27"
2267;96;"CHQ";"1999-07-31";"1999-08-18"
2268;96;"CHQ";"2000-07-31";"2000-08-21"
2269;96;"CHQ";"1999-08-31";"1999-09-30"
2270;96;"CHQ";"2000-08-31";"2000-09-11"
2271;96;"CHQ";"1999-09-30";"1999-10-18"
2272;96;"CHQ";"2000-09-30";"2000-10-18"
2273;96;"CHQ";"1999-10-31";"1999-11-18"
2274;96;"CHQ";"2000-10-31";"2000-11-18"
2275;96;"CB";"1999-11-30";"1999-12-23"
2276;96;"CB";"2000-11-30";"2000-12-27"
2277;96;"CHQ";"1999-12-31";"2000-01-18"
2278;96;"CHQ";"2000-12-31";"2001-01-21"
2279;97;"CHQ";"1999-01-31";"1999-03-02"
2280;97;"ESP";"2000-01-31";"2000-02-11"
2281;97;"CHQ";"1999-02-28";"1999-03-21"
2282;97;"CHQ";"2000-02-29";"2000-03-21"
2283;97;"CHQ";"1999-03-31";"1999-04-21"
2284;97;"CHQ";"2000-03-31";"2000-04-21"
2285;97;"CB";"1999-04-30";"1999-05-23"
2286;97;"CHQ";"2000-04-30";"2000-05-27"
2287;97;"CHQ";"1999-05-31";"1999-06-21"
2288;97;"CHQ";"2000-05-31";"2000-06-21"
2289;97;"CHQ";"1999-06-30";"1999-07-30"
2290;97;"ESP";"2000-06-30";"2000-07-11"
2291;97;"CHQ";"1999-07-31";"1999-08-30"
2292;97;"CHQ";"2000-07-31";"2000-08-30"
2293;97;"CHQ";"1999-08-31";"1999-09-30"
2294;97;"CHQ";"2000-08-31";"2000-09-30"
2295;97;"CB";"1999-09-30";"1999-10-23"
2296;97;"CHQ";"2000-09-30";"2000-10-27"
2297;97;"CHQ";"1999-10-31";"1999-11-30"
2298;97;"CHQ";"2000-10-31";"2000-11-30"
2299;97;"CHQ";"1999-11-30";"1999-12-30"
2300;97;"ESP";"2000-11-30";"2000-12-11"
2301;97;"ESP";"1999-12-31";"2000-01-11"
2302;97;"ESP";"2000-12-31";"2001-01-11"
2303;98;"CHQ";"1999-01-31";"1999-02-11"
2304;98;"CHQ";"2000-01-31";"2000-02-11"
2305;98;"CB";"1999-02-28";"1999-03-11"
2306;98;"CB";"2000-02-29";"2000-03-11"
2307;98;"CHQ";"1999-03-31";"1999-04-11"
2308;98;"ESP";"2000-03-31";"2000-04-11"
2309;98;"ESP";"1999-04-30";"1999-05-11"
2310;98;"ESP";"2000-04-30";"2000-05-11"
2311;98;"CB";"1999-05-31";"1999-06-14"
2312;98;"CHQ";"2000-05-31";"2000-06-15"
2313;98;"CHQ";"1999-06-30";"1999-07-12"
2314;98;"CHQ";"2000-06-30";"2000-07-14"
2315;98;"CB";"1999-07-31";"1999-08-23"
2316;98;"CB";"2000-07-31";"2000-08-27"
2317;98;"CHQ";"1999-08-31";"1999-09-18"
2318;98;"CHQ";"2000-08-31";"2000-09-21"
2319;98;"CHQ";"1999-09-30";"1999-10-30"
2320;98;"CHQ";"2000-09-30";"2000-10-11"
2321;98;"CHQ";"1999-10-31";"1999-11-14"
2322;98;"CHQ";"2000-10-31";"2000-11-15"
2323;98;"CHQ";"1999-11-30";"1999-12-12"
2324;98;"CHQ";"2000-11-30";"2000-12-10"
2325;98;"CB";"1999-12-31";"2000-01-23"
2326;98;"CHQ";"2000-12-31";"2001-01-27"
2327;99;"CHQ";"1999-01-31";"1999-02-18"
2328;99;"CHQ";"2000-01-31";"2000-02-21"
2329;99;"CHQ";"1999-02-28";"1999-03-30"
2330;99;"ESP";"2000-02-29";"2000-03-11"
2331;99;"CB";"1999-03-31";"1999-04-14"
2332;99;"CB";"2000-03-31";"2000-04-15"
2333;99;"CHQ";"1999-04-30";"1999-05-12"
2334;99;"CHQ";"2000-04-30";"2000-05-14"
2335;99;"CB";"1999-05-31";"1999-06-23"
2336;99;"CB";"2000-05-31";"2000-06-27"
2337;99;"CHQ";"1999-06-30";"1999-07-18"
2338;99;"CHQ";"2000-06-30";"2000-07-21"
2339;99;"CHQ";"1999-07-31";"1999-08-30"
2340;99;"ESP";"2000-07-31";"2000-08-11"
2341;99;"CB";"1999-08-31";"1999-09-14"
2342;99;"CB";"2000-08-31";"2000-09-15"
2343;99;"CHQ";"1999-09-30";"1999-10-12"
2344;99;"CHQ";"2000-09-30";"2000-10-14"
2345;99;"CB";"1999-10-31";"1999-11-23"
2346;99;"CB";"2000-10-31";"2000-11-27"
2347;99;"CHQ";"1999-11-30";"1999-12-18"
2348;99;"CHQ";"2000-11-30";"2000-12-21"
2349;99;"CHQ";"1999-12-31";"2000-01-30"
2350;99;"CB";"2000-12-31";"2001-01-11"
2351;100;"CB";"1999-01-31";"1999-02-14"
2352;100;"CB";"2000-01-31";"2000-02-15"
2353;100;"CHQ";"1999-02-28";"1999-03-12"
2354;100;"CHQ";"2000-02-29";"2000-03-14"
2355;100;"CB";"1999-03-31";"1999-04-23"
2356;100;"CB";"2000-03-31";"2000-04-27"
2357;100;"CHQ";"1999-04-30";"1999-05-18"
2358;100;"CHQ";"2000-04-30";"2000-05-21"
2359;100;"CHQ";"1999-05-31";"1999-06-30"
2360;100;"CB";"2000-05-31";"2000-06-11"
2361;100;"CB";"1999-06-30";"1999-07-14"
2362;100;"CB";"2000-06-30";"2000-07-15"
2363;100;"CHQ";"1999-07-31";"1999-08-12"
2364;100;"CHQ";"2000-07-31";"2000-08-14"
2365;100;"CB";"1999-08-31";"1999-09-23"
2366;100;"CB";"2000-08-31";"2000-09-27"
2367;100;"CHQ";"1999-09-30";"1999-10-18"
2368;100;"CHQ";"2000-09-30";"2000-10-21"
2369;100;"CHQ";"1999-10-31";"1999-11-30"
2370;100;"CHQ";"2000-10-31";"2000-11-11"
2371;100;"CHQ";"1999-11-30";"1999-12-18"
2372;100;"CHQ";"2000-11-30";"2000-12-18"
2373;100;"CHQ";"1999-12-31";"2000-01-18"
2374;100;"CHQ";"2000-12-31";"2001-01-18"
